task,dataset,image,quality,method,bpp,psnr,ssim,grad_corr,grad_mae,tv_input,tv_output
jpeg_compression,kodak24,kodim01,10,noisy,0.5957602339181286,23.7000296919334,0.6466968059539795,0.8894767761230469,0.03436899557709694,0.35744088888168335,0.1316821277141571
jpeg_compression,kodak24,kodim01,20,noisy,0.9841008771929824,24.39146932248204,0.6794528365135193,0.9094902873039246,0.03383154422044754,0.35744088888168335,0.1588374823331833
jpeg_compression,kodak24,kodim01,30,noisy,1.2905701754385965,24.380480492674046,0.6796053051948547,0.915046215057373,0.03350457549095154,0.35744088888168335,0.17554831504821777
jpeg_compression,kodak24,kodim01,50,noisy,1.9175804093567252,23.547057883482374,0.6508944630622864,0.9129487872123718,0.03553871065378189,0.35744088888168335,0.21620973944664001
jpeg_compression,kodak24,kodim01,70,noisy,2.766264619883041,22.845945738507233,0.6233496069908142,0.9150212407112122,0.03559279814362526,0.35744088888168335,0.2542647421360016
jpeg_compression,kodak24,kodim01,10,tv_maxiter,0.46345029239766083,24.01753199307741,0.6011567115783691,0.8573489785194397,0.035689570009708405,0.35744088888168335,0.0756610706448555
jpeg_compression,kodak24,kodim01,20,tv_maxiter,0.6960891812865497,25.63993109247265,0.6869022846221924,0.9132863879203796,0.029776522889733315,0.35744088888168335,0.08175227046012878
jpeg_compression,kodak24,kodim01,30,tv_maxiter,0.8821271929824561,26.173552557770567,0.7159512639045715,0.9271447658538818,0.028142953291535378,0.35744088888168335,0.08290482312440872
jpeg_compression,kodak24,kodim01,50,tv_maxiter,1.2002923976608186,26.72454795012706,0.7398707270622253,0.9368276000022888,0.026734519749879837,0.35744088888168335,0.08533920347690582
jpeg_compression,kodak24,kodim01,70,tv_maxiter,1.6162280701754386,27.062752287784043,0.7570645213127136,0.9427894949913025,0.02574111707508564,0.35744088888168335,0.08676410466432571
jpeg_compression,kodak24,kodim01,10,tv_fixedk_val,0.4618055555555556,24.009752148054787,0.600260317325592,0.8566899299621582,0.035807736217975616,0.35744088888168335,0.07510479539632797
jpeg_compression,kodak24,kodim01,20,tv_fixedk_val,0.694078947368421,25.647380663700638,0.6862342953681946,0.9128260016441345,0.029863858595490456,0.35744088888168335,0.08143606781959534
jpeg_compression,kodak24,kodim01,30,tv_fixedk_val,0.8797514619883041,26.172682162361404,0.7146925926208496,0.9267306327819824,0.028219524770975113,0.35744088888168335,0.08244124054908752
jpeg_compression,kodak24,kodim01,50,tv_fixedk_val,1.1937134502923976,26.720886282097066,0.7388848662376404,0.9363933801651001,0.02687085047364235,0.35744088888168335,0.08485249429941177
jpeg_compression,kodak24,kodim01,70,tv_fixedk_val,1.6107456140350878,27.071370272043367,0.7567100524902344,0.9427833557128906,0.025812316685914993,0.35744088888168335,0.08634363114833832
jpeg_compression,kodak24,kodim01,10,tv_discrepancy,0.46345029239766083,24.01753199307741,0.6011567115783691,0.8573489785194397,0.035689570009708405,0.35744088888168335,0.0756610706448555
jpeg_compression,kodak24,kodim01,20,tv_discrepancy,0.6960891812865497,25.63993109247265,0.6869022846221924,0.9132863879203796,0.029776522889733315,0.35744088888168335,0.08175227046012878
jpeg_compression,kodak24,kodim01,30,tv_discrepancy,0.8821271929824561,26.173552557770567,0.7159512639045715,0.9271447658538818,0.028142953291535378,0.35744088888168335,0.08290482312440872
jpeg_compression,kodak24,kodim01,50,tv_discrepancy,1.2002923976608186,26.72454795012706,0.7398707270622253,0.9368276000022888,0.026734519749879837,0.35744088888168335,0.08533920347690582
jpeg_compression,kodak24,kodim01,70,tv_discrepancy,1.6162280701754386,27.062752287784043,0.7570645213127136,0.9427894949913025,0.02574111707508564,0.35744088888168335,0.08676410466432571
jpeg_compression,kodak24,kodim01,10,tv_chambolle_val,0.385233918128655,23.245162714232155,0.4950590133666992,0.7829972505569458,0.0440906397998333,0.35744088888168335,0.04640590772032738
jpeg_compression,kodak24,kodim01,20,tv_chambolle_val,0.5385599415204678,24.28573822611518,0.5633283257484436,0.843773603439331,0.04017259180545807,0.35744088888168335,0.049462635070085526
jpeg_compression,kodak24,kodim01,30,tv_chambolle_val,0.6675804093567251,24.730093585886642,0.5874714255332947,0.864607036113739,0.03912340849637985,0.35744088888168335,0.05010836943984032
jpeg_compression,kodak24,kodim01,50,tv_chambolle_val,0.8804824561403509,25.11820753938551,0.6096360087394714,0.8767821192741394,0.03831949457526207,0.35744088888168335,0.04967363923788071
jpeg_compression,kodak24,kodim01,70,tv_chambolle_val,1.1690423976608186,25.306304175329927,0.6219469308853149,0.8821048736572266,0.03807215020060539,0.35744088888168335,0.04897450655698776
jpeg_compression,kodak24,kodim01,10,ectv,0.5210160818713451,24.0954053059575,0.6397977471351624,0.8756296038627625,0.033045705407857895,0.35744088888168335,0.09657922387123108
jpeg_compression,kodak24,kodim01,20,ectv,0.8077485380116959,25.61932599779027,0.7109279036521912,0.9201412200927734,0.02771608717739582,0.35744088888168335,0.10652001947164536
jpeg_compression,kodak24,kodim01,30,ectv,1.0447733918128654,26.058609316000023,0.730920135974884,0.9288358092308044,0.02652430161833763,0.35744088888168335,0.1119374930858612
jpeg_compression,kodak24,kodim01,50,ectv,1.423062865497076,26.482189004877846,0.7469231486320496,0.9367817044258118,0.02520187571644783,0.35744088888168335,0.11622150242328644
jpeg_compression,kodak24,kodim01,70,ectv,1.9607090643274854,26.662882392439982,0.758526086807251,0.939954936504364,0.024665124714374542,0.35744088888168335,0.12559306621551514
jpeg_compression,kodak24,kodim01,10,ectv_fidelity,0.40899122807017546,23.61998709797275,0.5323777794837952,0.8152474761009216,0.040967464447021484,0.35744088888168335,0.055598706007003784
jpeg_compression,kodak24,kodim01,20,ectv_fidelity,0.5846125730994152,24.95664470112045,0.6086375117301941,0.880584716796875,0.03596626594662666,0.35744088888168335,0.05998963862657547
jpeg_compression,kodak24,kodim01,30,ectv_fidelity,0.7282529239766082,25.48764133048232,0.6403989195823669,0.8991064429283142,0.034732140600681305,0.35744088888168335,0.05985216423869133
jpeg_compression,kodak24,kodim01,50,ectv_fidelity,0.9676535087719298,25.92209696824844,0.6642317771911621,0.9070825576782227,0.033794671297073364,0.35744088888168335,0.05967502295970917
jpeg_compression,kodak24,kodim01,70,ectv_fidelity,1.2887426900584795,26.21694647823421,0.6807401776313782,0.9137973785400391,0.0332106277346611,0.35744088888168335,0.059349820017814636
jpeg_compression,kodak24,kodim01,10,bilateral_val,0.4018640350877193,22.832301994027887,0.49165692925453186,0.7892844080924988,0.0429893396794796,0.35744088888168335,0.05555443465709686
jpeg_compression,kodak24,kodim01,20,bilateral_val,0.600328947368421,23.878245526467673,0.5786646008491516,0.8754574656486511,0.036702364683151245,0.35744088888168335,0.06618718057870865
jpeg_compression,kodak24,kodim01,30,bilateral_val,0.7817982456140351,24.29548913979731,0.6144735217094421,0.8947692513465881,0.03475697711110115,0.35744088888168335,0.07137037813663483
jpeg_compression,kodak24,kodim01,50,bilateral_val,1.0933845029239766,24.640581780770994,0.6428484320640564,0.9078361988067627,0.03330744802951813,0.35744088888168335,0.07715242356061935
jpeg_compression,kodak24,kodim01,70,bilateral_val,1.5286915204678362,24.793820545469167,0.6620659232139587,0.9125481843948364,0.0324440598487854,0.35744088888168335,0.08532343059778214
jpeg_compression,kodak24,kodim01,10,pm_diff_val,0.4168494152046784,23.358213549375563,0.5453627109527588,0.7927766442298889,0.04180879890918732,0.35744088888168335,0.0561351515352726
jpeg_compression,kodak24,kodim01,20,pm_diff_val,0.6008771929824561,24.349444553500362,0.6149466037750244,0.8416601419448853,0.03837200999259949,0.35744088888168335,0.0579516664147377
jpeg_compression,kodak24,kodim01,30,pm_diff_val,0.7394005847953217,24.72209822019021,0.6372901797294617,0.8594358563423157,0.037413403391838074,0.35744088888168335,0.057366687804460526
jpeg_compression,kodak24,kodim01,50,pm_diff_val,0.9634502923976608,25.026223941575036,0.6523730158805847,0.8724140524864197,0.03670467436313629,0.35744088888168335,0.05714850872755051
jpeg_compression,kodak24,kodim01,70,pm_diff_val,1.2722953216374269,25.195745603300217,0.66374272108078,0.8789946436882019,0.0362306572496891,0.35744088888168335,0.05664040893316269
jpeg_compression,kodak24,kodim01,10,wavelet_bayes,0.4422514619883041,23.81016454281507,0.5875063538551331,0.8353539705276489,0.03765999525785446,0.35744088888168335,0.07229087501764297
jpeg_compression,kodak24,kodim01,20,wavelet_bayes,0.6610014619883041,25.241651516543836,0.6604845523834229,0.8959389925003052,0.03174250200390816,0.35744088888168335,0.08205999433994293
jpeg_compression,kodak24,kodim01,30,wavelet_bayes,0.8411915204678363,25.639538642469795,0.6815814971923828,0.9043135046958923,0.031039152294397354,0.35744088888168335,0.08387777209281921
jpeg_compression,kodak24,kodim01,50,wavelet_bayes,1.15625,26.015550162471097,0.699809730052948,0.9134714007377625,0.029684875160455704,0.35744088888168335,0.08785426616668701
jpeg_compression,kodak24,kodim01,70,wavelet_bayes,1.5902777777777777,26.169223410346415,0.7106423377990723,0.9164873361587524,0.029171830043196678,0.35744088888168335,0.09251176565885544
jpeg_compression,kodak24,kodim01,10,nlm,0.4053362573099415,23.643964459192695,0.5028079152107239,0.801569938659668,0.04171096533536911,0.35744088888168335,0.059950824826955795
jpeg_compression,kodak24,kodim01,20,nlm,0.5586622807017544,24.945694584545283,0.5715205669403076,0.8592603802680969,0.03680768609046936,0.35744088888168335,0.06217335909605026
jpeg_compression,kodak24,kodim01,30,nlm,0.6864035087719298,25.37872677086666,0.5975149273872375,0.8712359070777893,0.03556879609823227,0.35744088888168335,0.061747752130031586
jpeg_compression,kodak24,kodim01,50,nlm,0.8967470760233918,25.85901603606709,0.6230648159980774,0.8826124668121338,0.03437976539134979,0.35744088888168335,0.06090901419520378
jpeg_compression,kodak24,kodim01,70,nlm,1.1842105263157894,26.136102148670265,0.640777587890625,0.8885406255722046,0.033756572753190994,0.35744088888168335,0.060884989798069
jpeg_compression,kodak24,kodim01,10,bm3d,0.5054824561403509,24.462088331587108,0.6509513258934021,0.8903833031654358,0.03134222328662872,0.35744088888168335,0.09877678006887436
jpeg_compression,kodak24,kodim01,20,bm3d,0.7342836257309941,26.257398201282133,0.7319207191467285,0.9343558549880981,0.024742059409618378,0.35744088888168335,0.10031269490718842
jpeg_compression,kodak24,kodim01,30,bm3d,0.9067982456140351,27.026019848124086,0.766139030456543,0.9444858431816101,0.02282070368528366,0.35744088888168335,0.1009172573685646
jpeg_compression,kodak24,kodim01,50,bm3d,1.1898757309941521,27.871659368705078,0.7958605885505676,0.9546893835067749,0.020778601989150047,0.35744088888168335,0.10176357626914978
jpeg_compression,kodak24,kodim01,70,bm3d,1.5347222222222223,28.439880784139937,0.8181716799736023,0.9596210718154907,0.01960768550634384,0.35744088888168335,0.10109399259090424
jpeg_compression,kodak24,kodim01,10,fdncnn_color,0.5118786549707602,24.436030820521356,0.6536567807197571,0.8956525921821594,0.030913133174180984,0.35744088888168335,0.10148696601390839
jpeg_compression,kodak24,kodim01,20,fdncnn_color,0.7582236842105263,26.294871645264507,0.7378708720207214,0.9377585053443909,0.024164557456970215,0.35744088888168335,0.1030210331082344
jpeg_compression,kodak24,kodim01,30,fdncnn_color,0.9342105263157895,27.061357623347373,0.7709346413612366,0.9483551979064941,0.02206440083682537,0.35744088888168335,0.10435751080513
jpeg_compression,kodak24,kodim01,50,fdncnn_color,1.2262426900584795,27.924411724956872,0.7990264296531677,0.9581249356269836,0.01999034732580185,0.35744088888168335,0.10463721305131912
jpeg_compression,kodak24,kodim01,70,fdncnn_color,1.587171052631579,28.506368677598818,0.821505606174469,0.9627987742424011,0.01881636679172516,0.35744088888168335,0.10448142141103745
jpeg_compression,kodak24,kodim01,10,ectv_fdncnn,0.5118786549707602,24.436030820521356,0.6536567807197571,0.8956525921821594,0.030913133174180984,0.35744088888168335,0.10148696601390839
jpeg_compression,kodak24,kodim01,20,ectv_fdncnn,0.7582236842105263,26.294871645264507,0.7378708720207214,0.9377585053443909,0.024164557456970215,0.35744088888168335,0.1030210331082344
jpeg_compression,kodak24,kodim01,30,ectv_fdncnn,0.9342105263157895,27.061357623347373,0.7709346413612366,0.9483551979064941,0.02206440083682537,0.35744088888168335,0.10435751080513
jpeg_compression,kodak24,kodim01,50,ectv_fdncnn,1.2262426900584795,27.924411724956872,0.7990264296531677,0.9581249356269836,0.01999034732580185,0.35744088888168335,0.10463721305131912
jpeg_compression,kodak24,kodim01,70,ectv_fdncnn,1.587171052631579,28.506368677598818,0.821505606174469,0.9627987742424011,0.01881636679172516,0.35744088888168335,0.10448142141103745
jpeg_compression,kodak24,kodim02,10,noisy,0.4095394736842105,25.33439603365098,0.5451756119728088,0.7721872329711914,0.022764457389712334,0.31874731183052063,0.0590379498898983
jpeg_compression,kodak24,kodim02,20,noisy,0.76078216374269,25.388738853280923,0.46935996413230896,0.7498614192008972,0.03262721374630928,0.31874731183052063,0.09558895230293274
jpeg_compression,kodak24,kodim02,30,noisy,1.0573830409356726,25.1429501411019,0.44602343440055847,0.7484500408172607,0.03567194938659668,0.31874731183052063,0.11414127796888351
jpeg_compression,kodak24,kodim02,50,noisy,1.6392543859649122,24.06443083414226,0.38525059819221497,0.7354912757873535,0.0399789921939373,0.31874731183052063,0.158346027135849
jpeg_compression,kodak24,kodim02,70,noisy,2.472404970760234,23.007004939625332,0.3331645429134369,0.7293771505355835,0.04181290790438652,0.31874731183052063,0.2071586549282074
jpeg_compression,kodak24,kodim02,10,tv_maxiter,0.32730263157894735,26.22854277215325,0.6477658152580261,0.8005329966545105,0.015711825340986252,0.31874731183052063,0.0296336580067873
jpeg_compression,kodak24,kodim02,20,tv_maxiter,0.45741959064327486,27.708752000232145,0.6795989871025085,0.8577924966812134,0.013752269558608532,0.31874731183052063,0.035530708730220795
jpeg_compression,kodak24,kodim02,30,tv_maxiter,0.5995979532163743,28.236176667595597,0.6913403868675232,0.8745919466018677,0.013322251848876476,0.31874731183052063,0.038861244916915894
jpeg_compression,kodak24,kodim02,50,tv_maxiter,0.835343567251462,28.761315168990112,0.7077679634094238,0.8887456655502319,0.012853967025876045,0.31874731183052063,0.04123500734567642
jpeg_compression,kodak24,kodim02,70,tv_maxiter,1.1741593567251463,29.086952130650367,0.7128648161888123,0.8919199109077454,0.012906818650662899,0.31874731183052063,0.0438426211476326
jpeg_compression,kodak24,kodim02,10,tv_fixedk_val,0.3258406432748538,26.23031353187127,0.6480774283409119,0.7999111413955688,0.015708627179265022,0.31874731183052063,0.029373304918408394
jpeg_compression,kodak24,kodim02,20,tv_fixedk_val,0.45394736842105265,27.728087342719974,0.682002604007721,0.8582606911659241,0.013684890232980251,0.31874731183052063,0.03506149351596832
jpeg_compression,kodak24,kodim02,30,tv_fixedk_val,0.5935672514619883,28.261897004424274,0.6944764256477356,0.8755043148994446,0.013205104507505894,0.31874731183052063,0.03840484842658043
jpeg_compression,kodak24,kodim02,50,tv_fixedk_val,0.8304093567251462,28.769687083128332,0.7092075943946838,0.8891713619232178,0.012791851535439491,0.31874731183052063,0.040962524712085724
jpeg_compression,kodak24,kodim02,70,tv_fixedk_val,1.168859649122807,29.125312989043387,0.715885579586029,0.8932154178619385,0.012779348529875278,0.31874731183052063,0.04351755231618881
jpeg_compression,kodak24,kodim02,10,tv_discrepancy,0.32730263157894735,26.22854277215325,0.6477658152580261,0.8005329966545105,0.015711825340986252,0.31874731183052063,0.0296336580067873
jpeg_compression,kodak24,kodim02,20,tv_discrepancy,0.45741959064327486,27.708752000232145,0.6795989871025085,0.8577924966812134,0.013752269558608532,0.31874731183052063,0.035530708730220795
jpeg_compression,kodak24,kodim02,30,tv_discrepancy,0.5995979532163743,28.236176667595597,0.6913403868675232,0.8745919466018677,0.013322251848876476,0.31874731183052063,0.038861244916915894
jpeg_compression,kodak24,kodim02,50,tv_discrepancy,0.835343567251462,28.761315168990112,0.7077679634094238,0.8887456655502319,0.012853967025876045,0.31874731183052063,0.04123500734567642
jpeg_compression,kodak24,kodim02,70,tv_discrepancy,1.1741593567251463,29.086952130650367,0.7128648161888123,0.8919199109077454,0.012906818650662899,0.31874731183052063,0.0438426211476326
jpeg_compression,kodak24,kodim02,10,tv_chambolle_val,0.2991593567251462,26.029409177553905,0.6365218758583069,0.7407134175300598,0.016848869621753693,0.31874731183052063,0.02122596465051174
jpeg_compression,kodak24,kodim02,20,tv_chambolle_val,0.3788377192982456,27.533007499797804,0.6865618228912354,0.8153230547904968,0.014727000147104263,0.31874731183052063,0.023888638243079185
jpeg_compression,kodak24,kodim02,30,tv_chambolle_val,0.45303362573099415,28.0784468359167,0.7063533663749695,0.8340792059898376,0.01402888260781765,0.31874731183052063,0.024334516376256943
jpeg_compression,kodak24,kodim02,50,tv_chambolle_val,0.5851608187134503,28.49292036546059,0.72842937707901,0.8536784052848816,0.01338515616953373,0.31874731183052063,0.024449696764349937
jpeg_compression,kodak24,kodim02,70,tv_chambolle_val,0.7997076023391813,28.884871552445432,0.7384638786315918,0.8648905754089355,0.01298170629888773,0.31874731183052063,0.02574262209236622
jpeg_compression,kodak24,kodim02,10,ectv,0.35562865497076024,26.034074931877914,0.6201123595237732,0.8048299551010132,0.01694013550877571,0.31874731183052063,0.03898328170180321
jpeg_compression,kodak24,kodim02,20,ectv,0.5873538011695907,26.986649037773482,0.5937204360961914,0.8164072632789612,0.019483108073472977,0.31874731183052063,0.057065047323703766
jpeg_compression,kodak24,kodim02,30,ectv,0.7978801169590644,27.267670735532338,0.591336190700531,0.8205727934837341,0.020694835111498833,0.31874731183052063,0.06346943229436874
jpeg_compression,kodak24,kodim02,50,ectv,1.1440058479532165,27.519656451249517,0.5894025564193726,0.8228046298027039,0.021519137546420097,0.31874731183052063,0.07064250111579895
jpeg_compression,kodak24,kodim02,70,ectv,1.6067251461988303,27.568034170888588,0.5802934169769287,0.8193511962890625,0.022411957383155823,0.31874731183052063,0.07905437797307968
jpeg_compression,kodak24,kodim02,10,ectv_fidelity,0.3026315789473684,26.11493922447995,0.6456935405731201,0.7645854949951172,0.016340697184205055,0.31874731183052063,0.022310255095362663
jpeg_compression,kodak24,kodim02,20,ectv_fidelity,0.3877923976608187,27.678244189401347,0.6958413124084473,0.8379522562026978,0.014074524864554405,0.31874731183052063,0.024830427020788193
jpeg_compression,kodak24,kodim02,30,ectv_fidelity,0.4616228070175439,28.295761547428768,0.7192181944847107,0.8614662289619446,0.013218698091804981,0.31874731183052063,0.025152094662189484
jpeg_compression,kodak24,kodim02,50,ectv_fidelity,0.6017909356725146,28.768814823558152,0.7396371960639954,0.8806079030036926,0.012397636659443378,0.31874731183052063,0.02578408271074295
jpeg_compression,kodak24,kodim02,70,ectv_fidelity,0.8137792397660819,29.190819693861666,0.7545611262321472,0.890740692615509,0.011979318223893642,0.31874731183052063,0.026542983949184418
jpeg_compression,kodak24,kodim02,10,bilateral_val,0.29385964912280704,25.229004255313697,0.6269206404685974,0.6663400530815125,0.01841266080737114,0.31874731183052063,0.016787603497505188
jpeg_compression,kodak24,kodim02,20,bilateral_val,0.3656798245614035,26.027281196368676,0.657271683216095,0.7415417432785034,0.016426146030426025,0.31874731183052063,0.020656898617744446
jpeg_compression,kodak24,kodim02,30,bilateral_val,0.44974415204678364,26.452961813347752,0.6772972941398621,0.7748740315437317,0.015471331775188446,0.31874731183052063,0.022859785705804825
jpeg_compression,kodak24,kodim02,50,bilateral_val,0.6324926900584795,26.62176471605757,0.6864154934883118,0.8013116121292114,0.014537440612912178,0.31874731183052063,0.02648792415857315
jpeg_compression,kodak24,kodim02,70,bilateral_val,0.9298245614035088,26.770562536976964,0.6921812891960144,0.8095512390136719,0.014373425394296646,0.31874731183052063,0.03134896606206894
jpeg_compression,kodak24,kodim02,10,pm_diff_val,0.3163377192982456,26.094643728165487,0.6368799805641174,0.761000394821167,0.016386810690164566,0.31874731183052063,0.027298282831907272
jpeg_compression,kodak24,kodim02,20,pm_diff_val,0.43987573099415206,27.459568175670654,0.6656070351600647,0.8163806796073914,0.014833306893706322,0.31874731183052063,0.03247774764895439
jpeg_compression,kodak24,kodim02,30,pm_diff_val,0.5621345029239766,27.952803322266327,0.6781858801841736,0.8302576541900635,0.014603286050260067,0.31874731183052063,0.03416261449456215
jpeg_compression,kodak24,kodim02,50,pm_diff_val,0.7629751461988304,28.381149315837,0.6934416890144348,0.8438796997070312,0.014101131819188595,0.31874731183052063,0.03510970249772072
jpeg_compression,kodak24,kodim02,70,pm_diff_val,1.0255847953216375,28.700674141824585,0.7074597477912903,0.8519983887672424,0.0138766560703516,0.31874731183052063,0.03522803634405136
jpeg_compression,kodak24,kodim02,10,wavelet_bayes,0.30610380116959063,25.953444915080112,0.6312164664268494,0.7412822842597961,0.016813790425658226,0.31874731183052063,0.025603534653782845
jpeg_compression,kodak24,kodim02,20,wavelet_bayes,0.39491959064327486,27.28980652146266,0.6761617064476013,0.789499044418335,0.015315092168748379,0.31874731183052063,0.029872743412852287
jpeg_compression,kodak24,kodim02,30,wavelet_bayes,0.48739035087719296,27.675323612195672,0.684528648853302,0.7938550710678101,0.014982142485678196,0.31874731183052063,0.031812895089387894
jpeg_compression,kodak24,kodim02,50,wavelet_bayes,0.6673976608187134,27.99226978161507,0.6944957375526428,0.8069013953208923,0.014688408002257347,0.31874731183052063,0.034519262611866
jpeg_compression,kodak24,kodim02,70,wavelet_bayes,0.9252558479532164,28.274256010228793,0.6994238495826721,0.8096425533294678,0.014693349599838257,0.31874731183052063,0.03635893389582634
jpeg_compression,kodak24,kodim02,10,nlm,0.29258040935672514,25.94188088064805,0.6522100567817688,0.7522338032722473,0.016720300540328026,0.31874731183052063,0.019096627831459045
jpeg_compression,kodak24,kodim02,20,nlm,0.3572733918128655,27.26999697907164,0.6905055046081543,0.8102377653121948,0.01493396982550621,0.31874731183052063,0.020870434120297432
jpeg_compression,kodak24,kodim02,30,nlm,0.4135599415204678,27.729886777043976,0.7132091522216797,0.8302199840545654,0.014166475273668766,0.31874731183052063,0.02072720229625702
jpeg_compression,kodak24,kodim02,50,nlm,0.5292397660818714,28.18146703428797,0.731232225894928,0.8491261005401611,0.013390195555984974,0.31874731183052063,0.021834122017025948
jpeg_compression,kodak24,kodim02,70,nlm,0.7096125730994152,28.410300063756413,0.743602454662323,0.8648208975791931,0.01278915349394083,0.31874731183052063,0.022365974262356758
jpeg_compression,kodak24,kodim02,10,bm3d,0.3220029239766082,26.39939452447397,0.672609269618988,0.8143595457077026,0.01528757344931364,0.31874731183052063,0.028582291677594185
jpeg_compression,kodak24,kodim02,20,bm3d,0.4197733918128655,28.00423259078147,0.717373788356781,0.8687247633934021,0.012915423139929771,0.31874731183052063,0.03168950229883194
jpeg_compression,kodak24,kodim02,30,bm3d,0.5001827485380117,28.75328677081037,0.7448980808258057,0.8896356821060181,0.011814206838607788,0.31874731183052063,0.03202847018837929
jpeg_compression,kodak24,kodim02,50,bm3d,0.6365131578947368,29.397558585559374,0.7656086087226868,0.906514048576355,0.0108376769348979,0.31874731183052063,0.032614536583423615
jpeg_compression,kodak24,kodim02,70,bm3d,0.8230994152046783,29.82979751646234,0.7810911536216736,0.9142385721206665,0.010354644618928432,0.31874731183052063,0.032433606684207916
jpeg_compression,kodak24,kodim02,10,fdncnn_color,0.33241959064327486,26.404578737899044,0.6693253517150879,0.8252524137496948,0.015076160430908203,0.31874731183052063,0.03076200559735298
jpeg_compression,kodak24,kodim02,20,fdncnn_color,0.4455409356725146,28.162826157199405,0.7180923819541931,0.8892095685005188,0.012312712147831917,0.31874731183052063,0.035336509346961975
jpeg_compression,kodak24,kodim02,30,fdncnn_color,0.5325292397660819,28.932481955306116,0.7424967885017395,0.9095280170440674,0.011165807954967022,0.31874731183052063,0.03542381525039673
jpeg_compression,kodak24,kodim02,50,fdncnn_color,0.680921052631579,29.679101581443646,0.7668275833129883,0.9233973026275635,0.010206769220530987,0.31874731183052063,0.03590692952275276
jpeg_compression,kodak24,kodim02,70,fdncnn_color,0.8795687134502924,30.32205114083343,0.7844902873039246,0.9325916171073914,0.009576129727065563,0.31874731183052063,0.03638163208961487
jpeg_compression,kodak24,kodim02,10,ectv_fdncnn,0.33241959064327486,26.404578737899044,0.6693253517150879,0.8252524137496948,0.015076160430908203,0.31874731183052063,0.03076200559735298
jpeg_compression,kodak24,kodim02,20,ectv_fdncnn,0.4455409356725146,28.162826157199405,0.7180923819541931,0.8892095685005188,0.012312712147831917,0.31874731183052063,0.035336509346961975
jpeg_compression,kodak24,kodim02,30,ectv_fdncnn,0.5325292397660819,28.932481955306116,0.7424967885017395,0.9095280170440674,0.011165807954967022,0.31874731183052063,0.03542381525039673
jpeg_compression,kodak24,kodim02,50,ectv_fdncnn,0.680921052631579,29.679101581443646,0.7668275833129883,0.9233973026275635,0.010206769220530987,0.31874731183052063,0.03590692952275276
jpeg_compression,kodak24,kodim02,70,ectv_fdncnn,0.8795687134502924,30.32205114083343,0.7844902873039246,0.9325916171073914,0.009576129727065563,0.31874731183052063,0.03638163208961487
jpeg_compression,kodak24,kodim03,10,noisy,0.4784356725146199,25.52789783744639,0.6045040488243103,0.8336366415023804,0.026310507208108902,0.3265019357204437,0.0743832141160965
jpeg_compression,kodak24,kodim03,20,noisy,0.8269371345029239,25.582974812607503,0.5314039587974548,0.8178173899650574,0.03364761918783188,0.3265019357204437,0.10553941875696182
jpeg_compression,kodak24,kodim03,30,noisy,1.1259137426900585,25.310656578421128,0.5018653273582458,0.8114955425262451,0.03630252927541733,0.3265019357204437,0.12300509959459305
jpeg_compression,kodak24,kodim03,50,noisy,1.7194809941520468,24.118644464477633,0.4364352226257324,0.7993566989898682,0.0396987609565258,0.3265019357204437,0.166166290640831
jpeg_compression,kodak24,kodim03,70,noisy,2.564327485380117,22.9625687464792,0.3825719356536865,0.7937108874320984,0.04150873050093651,0.3265019357204437,0.21493594348430634
jpeg_compression,kodak24,kodim03,10,tv_maxiter,0.3929093567251462,26.5828128429979,0.7124702334403992,0.8483468294143677,0.01992182433605194,0.3265019357204437,0.044664714485406876
jpeg_compression,kodak24,kodim03,20,tv_maxiter,0.5473318713450293,28.30649577049104,0.755586564540863,0.8969331383705139,0.0169861800968647,0.3265019357204437,0.04716090112924576
jpeg_compression,kodak24,kodim03,30,tv_maxiter,0.7013888888888888,28.810725742278024,0.7628405690193176,0.9105948805809021,0.016177792102098465,0.3265019357204437,0.04961876943707466
jpeg_compression,kodak24,kodim03,50,tv_maxiter,0.9614400584795322,29.34399564697884,0.7682626843452454,0.9233435392379761,0.015468690544366837,0.3265019357204437,0.05150144174695015
jpeg_compression,kodak24,kodim03,70,tv_maxiter,1.3241959064327486,29.654890463442314,0.7720192074775696,0.928937554359436,0.015147792175412178,0.3265019357204437,0.053565651178359985
jpeg_compression,kodak24,kodim03,10,tv_fixedk_val,0.39126461988304095,26.58021850081248,0.7149975299835205,0.8474367260932922,0.019870245829224586,0.3265019357204437,0.044166695326566696
jpeg_compression,kodak24,kodim03,20,tv_fixedk_val,0.5455043859649122,28.334625815293197,0.7591148018836975,0.8975587487220764,0.016901912167668343,0.3265019357204437,0.046785805374383926
jpeg_compression,kodak24,kodim03,30,tv_fixedk_val,0.6975511695906432,28.839907187724304,0.7653286457061768,0.9114721417427063,0.01607959344983101,0.3265019357204437,0.04928438737988472
jpeg_compression,kodak24,kodim03,50,tv_fixedk_val,0.956140350877193,29.375274618475697,0.7716065049171448,0.9241930842399597,0.01531954575330019,0.3265019357204437,0.05114085227251053
jpeg_compression,kodak24,kodim03,70,tv_fixedk_val,1.3187134502923976,29.691012557315094,0.7755358815193176,0.9298409819602966,0.015010872855782509,0.3265019357204437,0.053220827132463455
jpeg_compression,kodak24,kodim03,10,tv_discrepancy,0.3929093567251462,26.5828128429979,0.7124702334403992,0.8483468294143677,0.01992182433605194,0.3265019357204437,0.044664714485406876
jpeg_compression,kodak24,kodim03,20,tv_discrepancy,0.5473318713450293,28.30649577049104,0.755586564540863,0.8969331383705139,0.0169861800968647,0.3265019357204437,0.04716090112924576
jpeg_compression,kodak24,kodim03,30,tv_discrepancy,0.7013888888888888,28.810725742278024,0.7628405690193176,0.9105948805809021,0.016177792102098465,0.3265019357204437,0.04961876943707466
jpeg_compression,kodak24,kodim03,50,tv_discrepancy,0.9614400584795322,29.34399564697884,0.7682626843452454,0.9233435392379761,0.015468690544366837,0.3265019357204437,0.05150144174695015
jpeg_compression,kodak24,kodim03,70,tv_discrepancy,1.3241959064327486,29.654890463442314,0.7720192074775696,0.928937554359436,0.015147792175412178,0.3265019357204437,0.053565651178359985
jpeg_compression,kodak24,kodim03,10,tv_chambolle_val,0.3678728070175439,26.335466932983564,0.7080311179161072,0.8145201206207275,0.02117019146680832,0.3265019357204437,0.03710903972387314
jpeg_compression,kodak24,kodim03,20,tv_chambolle_val,0.4756944444444444,28.12380659566784,0.7741994857788086,0.8810486197471619,0.01777387224137783,0.3265019357204437,0.0358843132853508
jpeg_compression,kodak24,kodim03,30,tv_chambolle_val,0.5754751461988304,28.69792331008968,0.7936108112335205,0.8984520435333252,0.016507532447576523,0.3265019357204437,0.035588447004556656
jpeg_compression,kodak24,kodim03,50,tv_chambolle_val,0.7534722222222222,29.192703279247887,0.8060943484306335,0.9144340753555298,0.015534370206296444,0.3265019357204437,0.036073461174964905
jpeg_compression,kodak24,kodim03,70,tv_chambolle_val,0.9941520467836257,29.541413960897348,0.815105140209198,0.9243346452713013,0.014887411147356033,0.3265019357204437,0.036165978759527206
jpeg_compression,kodak24,kodim03,10,ectv,0.427266081871345,26.275420124906013,0.6742963790893555,0.8504689931869507,0.02138090692460537,0.3265019357204437,0.055868253111839294
jpeg_compression,kodak24,kodim03,20,ectv,0.6578947368421053,27.438562101994997,0.6660272479057312,0.8699727058410645,0.02187095582485199,0.3265019357204437,0.06658360362052917
jpeg_compression,kodak24,kodim03,30,ectv,0.879203216374269,27.649796718319838,0.6512686014175415,0.8726814985275269,0.02275029756128788,0.3265019357204437,0.07351601123809814
jpeg_compression,kodak24,kodim03,50,ectv,1.2339181286549707,27.877015748010805,0.6451199054718018,0.876221239566803,0.023154035210609436,0.3265019357204437,0.07909581065177917
jpeg_compression,kodak24,kodim03,70,ectv,1.7147295321637428,27.87960485416616,0.6322584748268127,0.8785484433174133,0.023433320224285126,0.3265019357204437,0.08714231103658676
jpeg_compression,kodak24,kodim03,10,ectv_fidelity,0.37353801169590645,26.47495357786232,0.71673184633255,0.8326319456100464,0.020332355052232742,0.3265019357204437,0.03860769048333168
jpeg_compression,kodak24,kodim03,20,ectv_fidelity,0.48391812865497075,28.33163583813059,0.7825140953063965,0.892362654209137,0.016927210614085197,0.3265019357204437,0.037200771272182465
jpeg_compression,kodak24,kodim03,30,ectv_fidelity,0.5857090643274854,29.023847366149088,0.805009663105011,0.9118294715881348,0.015523324720561504,0.3265019357204437,0.037046924233436584
jpeg_compression,kodak24,kodim03,50,ectv_fidelity,0.758406432748538,29.610468597917592,0.8217567801475525,0.9268101453781128,0.01438711117953062,0.3265019357204437,0.03692638874053955
jpeg_compression,kodak24,kodim03,70,ectv_fidelity,0.9970760233918129,30.02648779739399,0.833033561706543,0.9351394772529602,0.013781940564513206,0.3265019357204437,0.03721729665994644
jpeg_compression,kodak24,kodim03,10,bilateral_val,0.35489766081871343,24.823380954083525,0.6584781408309937,0.7722835540771484,0.02258218824863434,0.3265019357204437,0.03393981233239174
jpeg_compression,kodak24,kodim03,20,bilateral_val,0.4857456140350877,26.035797554615037,0.7142603993415833,0.8385800719261169,0.019415942952036858,0.3265019357204437,0.03714096173644066
jpeg_compression,kodak24,kodim03,30,bilateral_val,0.6105628654970761,26.277606975284613,0.726422131061554,0.8554068207740784,0.018324777483940125,0.3265019357204437,0.039874400943517685
jpeg_compression,kodak24,kodim03,50,bilateral_val,0.839546783625731,26.418419613363003,0.733220100402832,0.8681353330612183,0.017769062891602516,0.3265019357204437,0.04384082183241844
jpeg_compression,kodak24,kodim03,70,bilateral_val,1.2132675438596492,26.524385779246348,0.7315404415130615,0.8714393973350525,0.017814381048083305,0.3265019357204437,0.051131054759025574
jpeg_compression,kodak24,kodim03,10,pm_diff_val,0.38048245614035087,26.330728497933244,0.7023765444755554,0.8022875785827637,0.02170366421341896,0.3265019357204437,0.04078155755996704
jpeg_compression,kodak24,kodim03,20,pm_diff_val,0.5179093567251462,27.89437459734954,0.745578944683075,0.8505918383598328,0.019364386796951294,0.3265019357204437,0.04183371737599373
jpeg_compression,kodak24,kodim03,30,pm_diff_val,0.6449195906432749,28.379538241727747,0.7552445530891418,0.8709466457366943,0.01840922050178051,0.3265019357204437,0.04277564212679863
jpeg_compression,kodak24,kodim03,50,pm_diff_val,0.8598318713450293,28.760655739020166,0.762742817401886,0.8778443336486816,0.018046239390969276,0.3265019357204437,0.04279070720076561
jpeg_compression,kodak24,kodim03,70,pm_diff_val,1.1284722222222223,28.990423615889892,0.7695217132568359,0.8860036730766296,0.01757693476974964,0.3265019357204437,0.04245856776833534
jpeg_compression,kodak24,kodim03,10,wavelet_bayes,0.360562865497076,26.131210562895188,0.6936800479888916,0.7858327627182007,0.022110169753432274,0.3265019357204437,0.04040786251425743
jpeg_compression,kodak24,kodim03,20,wavelet_bayes,0.48501461988304095,27.55615989168372,0.7381722331047058,0.8414066433906555,0.019230257719755173,0.3265019357204437,0.042348191142082214
jpeg_compression,kodak24,kodim03,30,wavelet_bayes,0.6098318713450293,27.831910198160386,0.7380800843238831,0.84605872631073,0.019008483737707138,0.3265019357204437,0.04513540491461754
jpeg_compression,kodak24,kodim03,50,wavelet_bayes,0.841922514619883,27.920652754572572,0.7333755493164062,0.8446189165115356,0.019165722653269768,0.3265019357204437,0.04956872761249542
jpeg_compression,kodak24,kodim03,70,wavelet_bayes,1.1494883040935673,28.035721636062775,0.734373152256012,0.8498378396034241,0.01894542947411537,0.3265019357204437,0.0503559447824955
jpeg_compression,kodak24,kodim03,10,nlm,0.36988304093567254,26.422735205813346,0.7155535817146301,0.8321579694747925,0.020452475175261497,0.3265019357204437,0.038722287863492966
jpeg_compression,kodak24,kodim03,20,nlm,0.47368421052631576,28.19447213101812,0.7759230136871338,0.8814752101898193,0.017398430034518242,0.3265019357204437,0.03682240843772888
jpeg_compression,kodak24,kodim03,30,nlm,0.5645102339181286,28.786540695946876,0.7973522543907166,0.8993969559669495,0.015952251851558685,0.3265019357204437,0.036647893488407135
jpeg_compression,kodak24,kodim03,50,nlm,0.7174707602339181,29.418369429413687,0.8165531754493713,0.9155075550079346,0.014679589308798313,0.3265019357204437,0.03611409291625023
jpeg_compression,kodak24,kodim03,70,nlm,0.9331140350877193,29.84508777631294,0.829272449016571,0.9220507144927979,0.014094670303165913,0.3265019357204437,0.03612899407744408
jpeg_compression,kodak24,kodim03,10,bm3d,0.3982090643274854,26.76424322693979,0.7326722741127014,0.8697553873062134,0.01869303733110428,0.3265019357204437,0.04580579325556755
jpeg_compression,kodak24,kodim03,20,bm3d,0.5182748538011696,28.805287351591815,0.7957584261894226,0.9161359667778015,0.015199675224721432,0.3265019357204437,0.04419801011681557
jpeg_compression,kodak24,kodim03,30,bm3d,0.6260964912280702,29.502890950289537,0.8178727626800537,0.9334336519241333,0.013376771472394466,0.3265019357204437,0.04442461580038071
jpeg_compression,kodak24,kodim03,50,bm3d,0.8002558479532164,30.3572597123817,0.8394067883491516,0.9456860423088074,0.012025152333080769,0.3265019357204437,0.04371920973062515
jpeg_compression,kodak24,kodim03,70,bm3d,1.0206505847953216,30.93031476904698,0.8546416163444519,0.9531676769256592,0.01120846439152956,0.3265019357204437,0.04307933151721954
jpeg_compression,kodak24,kodim03,10,fdncnn_color,0.40003654970760233,26.765964645156807,0.7330489158630371,0.876218855381012,0.018445169553160667,0.3265019357204437,0.04639766737818718
jpeg_compression,kodak24,kodim03,20,fdncnn_color,0.5255847953216374,28.91340089136564,0.7990982532501221,0.9227264523506165,0.014682348817586899,0.3265019357204437,0.04558684304356575
jpeg_compression,kodak24,kodim03,30,fdncnn_color,0.6324926900584795,29.663408674384577,0.8199990391731262,0.940623939037323,0.012853036634624004,0.3265019357204437,0.045343637466430664
jpeg_compression,kodak24,kodim03,50,fdncnn_color,0.8024488304093568,30.537849353765928,0.842991828918457,0.9509708881378174,0.01154634915292263,0.3265019357204437,0.04443572461605072
jpeg_compression,kodak24,kodim03,70,fdncnn_color,1.0332602339181287,31.178430768857982,0.8588038086891174,0.9594306945800781,0.010580610483884811,0.3265019357204437,0.043913334608078
jpeg_compression,kodak24,kodim03,10,ectv_fdncnn,0.40003654970760233,26.765964645156807,0.7330489158630371,0.876218855381012,0.018445169553160667,0.3265019357204437,0.04639766737818718
jpeg_compression,kodak24,kodim03,20,ectv_fdncnn,0.5255847953216374,28.91340089136564,0.7990982532501221,0.9227264523506165,0.014682348817586899,0.3265019357204437,0.04558684304356575
jpeg_compression,kodak24,kodim03,30,ectv_fdncnn,0.6324926900584795,29.663408674384577,0.8199990391731262,0.940623939037323,0.012853036634624004,0.3265019357204437,0.045343637466430664
jpeg_compression,kodak24,kodim03,50,ectv_fdncnn,0.8024488304093568,30.537849353765928,0.842991828918457,0.9509708881378174,0.01154634915292263,0.3265019357204437,0.04443572461605072
jpeg_compression,kodak24,kodim03,70,ectv_fdncnn,1.0332602339181287,31.178430768857982,0.8588038086891174,0.9594306945800781,0.010580610483884811,0.3265019357204437,0.043913334608078
jpeg_compression,kodak24,kodim04,10,noisy,0.48793859649122806,25.33061946838196,0.6217755675315857,0.8633154034614563,0.02515505626797676,0.33331695199012756,0.0788002610206604
jpeg_compression,kodak24,kodim04,20,noisy,0.8589181286549707,25.334143475150558,0.5638351440429688,0.8555681109428406,0.031085355207324028,0.33331695199012756,0.11153104156255722
jpeg_compression,kodak24,kodim04,30,noisy,1.154970760233918,25.199321173478204,0.5484838485717773,0.852687656879425,0.033014506101608276,0.33331695199012756,0.12742219865322113
jpeg_compression,kodak24,kodim04,50,noisy,1.7534722222222223,24.029201310809626,0.486243337392807,0.843906044960022,0.0365450419485569,0.33331695199012756,0.17174425721168518
jpeg_compression,kodak24,kodim04,70,noisy,2.585343567251462,22.96624473110264,0.4357278347015381,0.841435432434082,0.03764631971716881,0.33331695199012756,0.218996062874794
jpeg_compression,kodak24,kodim04,10,tv_maxiter,0.4022295321637427,25.999244496494395,0.6823740005493164,0.8557989597320557,0.02183297835290432,0.33331695199012756,0.04901224374771118
jpeg_compression,kodak24,kodim04,20,tv_maxiter,0.5677997076023392,27.637072991513236,0.7338253855705261,0.9079281091690063,0.017754867672920227,0.33331695199012756,0.05170373246073723
jpeg_compression,kodak24,kodim04,30,tv_maxiter,0.7364766081871345,28.14588537045987,0.744488000869751,0.9212824106216431,0.01676804944872856,0.33331695199012756,0.05422866716980934
jpeg_compression,kodak24,kodim04,50,tv_maxiter,1.003106725146199,28.6678806666955,0.7546239495277405,0.9292069673538208,0.016223756596446037,0.33331695199012756,0.05620355159044266
jpeg_compression,kodak24,kodim04,70,tv_maxiter,1.3799342105263157,28.986812652976695,0.7618575692176819,0.934719979763031,0.01584528759121895,0.33331695199012756,0.05819062888622284
jpeg_compression,kodak24,kodim04,10,tv_fixedk_val,0.40131578947368424,26.00843778307299,0.6821713447570801,0.855617105960846,0.021836023777723312,0.33331695199012756,0.0486486442387104
jpeg_compression,kodak24,kodim04,20,tv_fixedk_val,0.5659722222222222,27.64322725228855,0.7351559996604919,0.907680094242096,0.01775897666811943,0.33331695199012756,0.051280125975608826
jpeg_compression,kodak24,kodim04,30,tv_fixedk_val,0.7328216374269005,28.14913800650271,0.7448136210441589,0.9207109212875366,0.016815023496747017,0.33331695199012756,0.0538816899061203
jpeg_compression,kodak24,kodim04,50,tv_fixedk_val,1.001279239766082,28.67566332145628,0.754915714263916,0.9286255836486816,0.016298901289701462,0.33331695199012756,0.05592827498912811
jpeg_compression,kodak24,kodim04,70,tv_fixedk_val,1.3766447368421053,29.006526089049114,0.7635055184364319,0.9349700212478638,0.01582220569252968,0.33331695199012756,0.05800342187285423
jpeg_compression,kodak24,kodim04,10,tv_discrepancy,0.4022295321637427,25.999244496494395,0.6823740005493164,0.8557989597320557,0.02183297835290432,0.33331695199012756,0.04901224374771118
jpeg_compression,kodak24,kodim04,20,tv_discrepancy,0.5677997076023392,27.637072991513236,0.7338253855705261,0.9079281091690063,0.017754867672920227,0.33331695199012756,0.05170373246073723
jpeg_compression,kodak24,kodim04,30,tv_discrepancy,0.7364766081871345,28.14588537045987,0.744488000869751,0.9212824106216431,0.01676804944872856,0.33331695199012756,0.05422866716980934
jpeg_compression,kodak24,kodim04,50,tv_discrepancy,1.003106725146199,28.6678806666955,0.7546239495277405,0.9292069673538208,0.016223756596446037,0.33331695199012756,0.05620355159044266
jpeg_compression,kodak24,kodim04,70,tv_discrepancy,1.3799342105263157,28.986812652976695,0.7618575692176819,0.934719979763031,0.01584528759121895,0.33331695199012756,0.05819062888622284
jpeg_compression,kodak24,kodim04,10,tv_chambolle_val,0.3815789473684211,25.68333506632577,0.6722567677497864,0.8205570578575134,0.023471547290682793,0.33331695199012756,0.041870422661304474
jpeg_compression,kodak24,kodim04,20,tv_chambolle_val,0.5133406432748538,27.171064031937718,0.7258203625679016,0.8785685896873474,0.01987628825008869,0.33331695199012756,0.04189854487776756
jpeg_compression,kodak24,kodim04,30,tv_chambolle_val,0.6445540935672515,27.680120666963003,0.7410521507263184,0.8954282402992249,0.018908504396677017,0.33331695199012756,0.042776141315698624
jpeg_compression,kodak24,kodim04,50,tv_chambolle_val,0.862390350877193,28.15499178817479,0.7545647621154785,0.9085131287574768,0.018199052661657333,0.33331695199012756,0.043037474155426025
jpeg_compression,kodak24,kodim04,70,tv_chambolle_val,1.1485745614035088,28.43788189535191,0.7631193995475769,0.9154990315437317,0.017806006595492363,0.33331695199012756,0.04304182156920433
jpeg_compression,kodak24,kodim04,10,ectv,0.4307383040935672,25.956241286811018,0.6720040440559387,0.8677034974098206,0.021698743104934692,0.33331695199012756,0.05860952287912369
jpeg_compression,kodak24,kodim04,20,ectv,0.6794590643274854,27.029954703036815,0.6757683157920837,0.8953842520713806,0.020545635372400284,0.33331695199012756,0.07117228955030441
jpeg_compression,kodak24,kodim04,30,ectv,0.9082602339181286,27.354170343464407,0.6741392612457275,0.8988262414932251,0.02095525525510311,0.33331695199012756,0.07757331430912018
jpeg_compression,kodak24,kodim04,50,ectv,1.2779605263157894,27.624789640484174,0.6732383370399475,0.9026393890380859,0.021235458552837372,0.33331695199012756,0.0838797464966774
jpeg_compression,kodak24,kodim04,70,ectv,1.7600511695906433,27.628992567828206,0.6669510006904602,0.9042256474494934,0.021423975005745888,0.33331695199012756,0.09166224300861359
jpeg_compression,kodak24,kodim04,10,ectv_fidelity,0.38011695906432746,25.84170097392557,0.674674928188324,0.8364781141281128,0.02304859645664692,0.33331695199012756,0.04169424995779991
jpeg_compression,kodak24,kodim04,20,ectv_fidelity,0.5038377192982456,27.436519941124992,0.7340872287750244,0.8926154971122742,0.019318273290991783,0.33331695199012756,0.04142952337861061
jpeg_compression,kodak24,kodim04,30,ectv_fidelity,0.6215277777777778,28.047510297151682,0.7563068270683289,0.9105455279350281,0.01818765327334404,0.33331695199012756,0.04152052477002144
jpeg_compression,kodak24,kodim04,50,ectv_fidelity,0.8137792397660819,28.615663065240604,0.7736826539039612,0.9219813942909241,0.0174113716930151,0.33331695199012756,0.04134608805179596
jpeg_compression,kodak24,kodim04,70,ectv_fidelity,1.0815058479532165,28.967337074751782,0.7852497100830078,0.9286687970161438,0.016956033185124397,0.33331695199012756,0.041630879044532776
jpeg_compression,kodak24,kodim04,10,bilateral_val,0.36385233918128657,24.386998205443604,0.6118059158325195,0.7920888662338257,0.025422753766179085,0.33331695199012756,0.03641819953918457
jpeg_compression,kodak24,kodim04,20,bilateral_val,0.49415204678362573,25.302691239593656,0.6587084531784058,0.850722074508667,0.02184826321899891,0.33331695199012756,0.039843108505010605
jpeg_compression,kodak24,kodim04,30,bilateral_val,0.6275584795321637,25.622157621088554,0.6739769577980042,0.8708553910255432,0.020771566778421402,0.33331695199012756,0.04242515191435814
jpeg_compression,kodak24,kodim04,50,bilateral_val,0.8698830409356725,25.80369532035277,0.6861934661865234,0.8783350586891174,0.02014010213315487,0.33331695199012756,0.04686647281050682
jpeg_compression,kodak24,kodim04,70,bilateral_val,1.2474415204678362,25.877670224235846,0.686976969242096,0.8826548457145691,0.019852660596370697,0.33331695199012756,0.05396360531449318
jpeg_compression,kodak24,kodim04,10,pm_diff_val,0.3845029239766082,25.63894331684065,0.675427258014679,0.8098335862159729,0.023592090234160423,0.33331695199012756,0.043132979422807693
jpeg_compression,kodak24,kodim04,20,pm_diff_val,0.5259502923976608,26.999566580758476,0.7199873924255371,0.8578320741653442,0.020587041974067688,0.33331695199012756,0.0441172793507576
jpeg_compression,kodak24,kodim04,30,pm_diff_val,0.6575292397660819,27.45659956734359,0.73448246717453,0.8719012141227722,0.01977439969778061,0.33331695199012756,0.04474823921918869
jpeg_compression,kodak24,kodim04,50,pm_diff_val,0.8832236842105263,27.87485706958421,0.7468018531799316,0.8819701075553894,0.019255271181464195,0.33331695199012756,0.04531354829668999
jpeg_compression,kodak24,kodim04,70,pm_diff_val,1.1637426900584795,28.099815663432995,0.755700409412384,0.8899036645889282,0.018885208293795586,0.33331695199012756,0.044772934168577194
jpeg_compression,kodak24,kodim04,10,wavelet_bayes,0.36915204678362573,25.468903029177547,0.6595668792724609,0.8012258410453796,0.02439173124730587,0.33331695199012756,0.0436759777367115
jpeg_compression,kodak24,kodim04,20,wavelet_bayes,0.5043859649122807,26.67664987666456,0.6998772621154785,0.8424286842346191,0.02165284752845764,0.33331695199012756,0.046809881925582886
jpeg_compression,kodak24,kodim04,30,wavelet_bayes,0.6410818713450293,27.013635475937264,0.7105762958526611,0.8515470623970032,0.020996348932385445,0.33331695199012756,0.04973224177956581
jpeg_compression,kodak24,kodim04,50,wavelet_bayes,0.8877923976608187,27.23033933745926,0.71048903465271,0.8568758368492126,0.020715810358524323,0.33331695199012756,0.053120456635951996
jpeg_compression,kodak24,kodim04,70,wavelet_bayes,1.2158260233918128,27.28960246098716,0.7112131118774414,0.858209490776062,0.020612595602869987,0.33331695199012756,0.055492233484983444
jpeg_compression,kodak24,kodim04,10,nlm,0.37207602339181284,25.689504608479897,0.6682636141777039,0.8248919248580933,0.023521682247519493,0.33331695199012756,0.03987136483192444
jpeg_compression,kodak24,kodim04,20,nlm,0.4866593567251462,27.13222509825418,0.7213842868804932,0.8756773471832275,0.020020049065351486,0.33331695199012756,0.039511486887931824
jpeg_compression,kodak24,kodim04,30,nlm,0.5868055555555556,27.707101030108447,0.7430851459503174,0.8925879001617432,0.01895059086382389,0.33331695199012756,0.039325613528490067
jpeg_compression,kodak24,kodim04,50,nlm,0.7487207602339181,28.244511072478062,0.7627571225166321,0.9023216962814331,0.0183218102902174,0.33331695199012756,0.03922763466835022
jpeg_compression,kodak24,kodim04,70,nlm,0.9903143274853801,28.57608426568806,0.7734960913658142,0.9100265502929688,0.017815470695495605,0.33331695199012756,0.03951522335410118
jpeg_compression,kodak24,kodim04,10,bm3d,0.4102704678362573,26.26663497314039,0.6948118805885315,0.8744133710861206,0.021029984578490257,0.33331695199012756,0.052811283618211746
jpeg_compression,kodak24,kodim04,20,bm3d,0.5586622807017544,28.152761346195874,0.7597334384918213,0.919342041015625,0.01673642359673977,0.33331695199012756,0.05299368128180504
jpeg_compression,kodak24,kodim04,30,bm3d,0.6778143274853801,28.885850121498358,0.7833399176597595,0.9323856234550476,0.015312091447412968,0.33331695199012756,0.05221046879887581
jpeg_compression,kodak24,kodim04,50,bm3d,0.8733552631578947,29.65654880356077,0.8049835562705994,0.9439544677734375,0.013925218023359776,0.33331695199012756,0.05255288630723953
jpeg_compression,kodak24,kodim04,70,bm3d,1.1388888888888888,30.156112419954727,0.8179783225059509,0.9495514631271362,0.013310425914824009,0.33331695199012756,0.052024900913238525
jpeg_compression,kodak24,kodim04,10,fdncnn_color,0.41228070175438597,26.30872853833022,0.698509931564331,0.8808953762054443,0.02060249075293541,0.33331695199012756,0.05388979986310005
jpeg_compression,kodak24,kodim04,20,fdncnn_color,0.5645102339181286,28.250141788041745,0.7632060647010803,0.926743745803833,0.016119979321956635,0.33331695199012756,0.05373877286911011
jpeg_compression,kodak24,kodim04,30,fdncnn_color,0.685672514619883,29.01800772721124,0.7873846888542175,0.9395337104797363,0.014644084498286247,0.33331695199012756,0.05337412282824516
jpeg_compression,kodak24,kodim04,50,fdncnn_color,0.8817616959064327,29.891533897679437,0.8084234595298767,0.9504642486572266,0.013233136385679245,0.33331695199012756,0.053319260478019714
jpeg_compression,kodak24,kodim04,70,fdncnn_color,1.1385233918128654,30.473047239395417,0.8228703141212463,0.9563554525375366,0.01255095936357975,0.33331695199012756,0.05268941447138786
jpeg_compression,kodak24,kodim04,10,ectv_fdncnn,0.41228070175438597,26.30872853833022,0.698509931564331,0.8808953762054443,0.02060249075293541,0.33331695199012756,0.05388979986310005
jpeg_compression,kodak24,kodim04,20,ectv_fdncnn,0.5645102339181286,28.250141788041745,0.7632060647010803,0.926743745803833,0.016119979321956635,0.33331695199012756,0.05373877286911011
jpeg_compression,kodak24,kodim04,30,ectv_fdncnn,0.685672514619883,29.01800772721124,0.7873846888542175,0.9395337104797363,0.014644084498286247,0.33331695199012756,0.05337412282824516
jpeg_compression,kodak24,kodim04,50,ectv_fdncnn,0.8817616959064327,29.891533897679437,0.8084234595298767,0.9504642486572266,0.013233136385679245,0.33331695199012756,0.053319260478019714
jpeg_compression,kodak24,kodim04,70,ectv_fdncnn,1.1385233918128654,30.473047239395417,0.8228703141212463,0.9563554525375366,0.01255095936357975,0.33331695199012756,0.05268941447138786
