task,dataset,image,sigma255,method,detector,keypoints_1,keypoints_2,matches,inliers,inlier_ratio,corner_error,homography_success
feature_matching,kodak24,kodim01,25,noisy,orb,488,483,150,148,0.9866666666666667,0.7523789405822754,1.0
feature_matching,kodak24,kodim01,25,noisy,sift,409,394,145,72,0.496551724137931,0.7364680767059326,1.0
feature_matching,kodak24,kodim01,25,tv_maxiter,orb,409,416,150,148,0.9866666666666667,0.8865134716033936,1.0
feature_matching,kodak24,kodim01,25,tv_maxiter,sift,379,389,150,94,0.6266666666666667,0.6336891651153564,1.0
feature_matching,kodak24,kodim01,25,tv_fixedk_val,orb,409,413,150,148,0.9866666666666667,0.8522545099258423,1.0
feature_matching,kodak24,kodim01,25,tv_fixedk_val,sift,383,385,150,94,0.6266666666666667,0.7087571620941162,1.0
feature_matching,kodak24,kodim01,25,tv_discrepancy,orb,409,416,150,148,0.9866666666666667,0.8865134716033936,1.0
feature_matching,kodak24,kodim01,25,tv_discrepancy,sift,379,389,150,94,0.6266666666666667,0.6336891651153564,1.0
feature_matching,kodak24,kodim01,25,tv_chambolle_val,orb,239,219,116,110,0.9482758620689655,0.6773205399513245,1.0
feature_matching,kodak24,kodim01,25,tv_chambolle_val,sift,183,186,90,67,0.7444444444444445,0.4679933488368988,1.0
feature_matching,kodak24,kodim01,25,ectv,orb,453,455,150,150,1.0,2.275451183319092,1.0
feature_matching,kodak24,kodim01,25,ectv,sift,543,541,150,100,0.6666666666666666,0.44574886560440063,1.0
feature_matching,kodak24,kodim01,25,ectv_fidelity,orb,314,325,150,145,0.9666666666666667,1.086137294769287,1.0
feature_matching,kodak24,kodim01,25,ectv_fidelity,sift,239,251,118,81,0.6864406779661016,0.6400989294052124,1.0
feature_matching,kodak24,kodim01,25,bilateral_val,orb,338,332,150,149,0.9933333333333333,1.4728336334228516,1.0
feature_matching,kodak24,kodim01,25,bilateral_val,sift,203,197,94,73,0.776595744680851,0.41902726888656616,1.0
feature_matching,kodak24,kodim01,25,pm_diff_val,orb,234,226,120,108,0.9,1.2779018878936768,1.0
feature_matching,kodak24,kodim01,25,pm_diff_val,sift,294,289,137,101,0.7372262773722628,0.44815540313720703,1.0
feature_matching,kodak24,kodim01,25,wavelet_bayes,orb,391,399,150,141,0.94,2.9208037853240967,1.0
feature_matching,kodak24,kodim01,25,wavelet_bayes,sift,324,312,138,75,0.5434782608695652,1.0738775730133057,1.0
feature_matching,kodak24,kodim01,25,nlm,orb,257,239,137,130,0.948905109489051,3.3992505073547363,0.0
feature_matching,kodak24,kodim01,25,nlm,sift,182,181,98,75,0.7653061224489796,0.695176899433136,1.0
feature_matching,kodak24,kodim01,25,bm3d,orb,391,394,150,150,1.0,2.083329916000366,1.0
feature_matching,kodak24,kodim01,25,bm3d,sift,320,353,150,116,0.7733333333333333,0.5022855997085571,1.0
feature_matching,kodak24,kodim01,25,fdncnn_color,orb,409,418,150,150,1.0,0.43566998839378357,1.0
feature_matching,kodak24,kodim01,25,fdncnn_color,sift,334,337,150,119,0.7933333333333333,0.2779722809791565,1.0
feature_matching,kodak24,kodim01,25,ectv_fdncnn,orb,409,418,150,150,1.0,0.43566998839378357,1.0
feature_matching,kodak24,kodim01,25,ectv_fdncnn,sift,334,337,150,119,0.7933333333333333,0.2779722809791565,1.0
feature_matching,kodak24,kodim01,50,noisy,orb,518,509,150,111,0.74,3.146787166595459,0.0
feature_matching,kodak24,kodim01,50,noisy,sift,326,301,134,41,0.30597014925373134,1.6362875699996948,1.0
feature_matching,kodak24,kodim01,50,tv_maxiter,orb,502,498,150,103,0.6866666666666666,5.367310523986816,0.0
feature_matching,kodak24,kodim01,50,tv_maxiter,sift,538,524,150,57,0.38,1.3915446996688843,1.0
feature_matching,kodak24,kodim01,50,tv_fixedk_val,orb,503,498,150,103,0.6866666666666666,1.3151277303695679,1.0
feature_matching,kodak24,kodim01,50,tv_fixedk_val,sift,524,522,150,54,0.36,0.9636783599853516,1.0
feature_matching,kodak24,kodim01,50,tv_discrepancy,orb,502,498,150,103,0.6866666666666666,5.367310523986816,0.0
feature_matching,kodak24,kodim01,50,tv_discrepancy,sift,538,524,150,57,0.38,1.3915446996688843,1.0
feature_matching,kodak24,kodim01,50,tv_chambolle_val,orb,121,129,53,40,0.7547169811320755,4.26945686340332,0.0
feature_matching,kodak24,kodim01,50,tv_chambolle_val,sift,129,128,65,47,0.7230769230769231,1.1689791679382324,1.0
feature_matching,kodak24,kodim01,50,ectv,orb,502,498,150,103,0.6866666666666666,5.367310523986816,0.0
feature_matching,kodak24,kodim01,50,ectv,sift,538,524,150,57,0.38,1.3915446996688843,1.0
feature_matching,kodak24,kodim01,50,ectv_fidelity,orb,175,182,77,62,0.8051948051948052,3.2155957221984863,0.0
feature_matching,kodak24,kodim01,50,ectv_fidelity,sift,160,173,82,53,0.6463414634146342,1.0932425260543823,1.0
feature_matching,kodak24,kodim01,50,bilateral_val,orb,230,221,83,56,0.6746987951807228,1.8381702899932861,1.0
feature_matching,kodak24,kodim01,50,bilateral_val,sift,82,81,39,22,0.5641025641025641,3.607193946838379,0.0
feature_matching,kodak24,kodim01,50,pm_diff_val,orb,357,422,141,74,0.524822695035461,3.5569746494293213,0.0
feature_matching,kodak24,kodim01,50,pm_diff_val,sift,507,598,150,74,0.49333333333333335,1.7443722486495972,1.0
feature_matching,kodak24,kodim01,50,wavelet_bayes,orb,166,206,61,40,0.6557377049180327,6.6541595458984375,0.0
feature_matching,kodak24,kodim01,50,wavelet_bayes,sift,185,198,78,42,0.5384615384615384,0.8141039609909058,1.0
feature_matching,kodak24,kodim01,50,nlm,orb,76,72,28,23,0.8214285714285714,1.2128428220748901,1.0
feature_matching,kodak24,kodim01,50,nlm,sift,107,102,52,43,0.8269230769230769,0.947993278503418,1.0
feature_matching,kodak24,kodim01,50,bm3d,orb,184,203,92,78,0.8478260869565217,1.6641871929168701,1.0
feature_matching,kodak24,kodim01,50,bm3d,sift,172,176,88,63,0.7159090909090909,0.9533405303955078,1.0
feature_matching,kodak24,kodim01,50,fdncnn_color,orb,261,262,115,101,0.8782608695652174,2.5516529083251953,1.0
feature_matching,kodak24,kodim01,50,fdncnn_color,sift,202,198,94,68,0.723404255319149,0.7052239775657654,1.0
feature_matching,kodak24,kodim01,50,ectv_fdncnn,orb,261,262,115,101,0.8782608695652174,2.5516529083251953,1.0
feature_matching,kodak24,kodim01,50,ectv_fdncnn,sift,202,198,94,68,0.723404255319149,0.7052239775657654,1.0
feature_matching,kodak24,kodim02,25,noisy,orb,431,445,150,133,0.8866666666666667,28.79850959777832,0.0
feature_matching,kodak24,kodim02,25,noisy,sift,125,115,47,21,0.44680851063829785,4.869744300842285,0.0
feature_matching,kodak24,kodim02,25,tv_maxiter,orb,230,227,122,109,0.8934426229508197,4.860861778259277,0.0
feature_matching,kodak24,kodim02,25,tv_maxiter,sift,62,59,34,24,0.7058823529411765,6.724778175354004,0.0
feature_matching,kodak24,kodim02,25,tv_fixedk_val,orb,227,227,119,108,0.907563025210084,4.106689453125,0.0
feature_matching,kodak24,kodim02,25,tv_fixedk_val,sift,60,60,33,24,0.7272727272727273,2.79632830619812,1.0
feature_matching,kodak24,kodim02,25,tv_discrepancy,orb,230,227,122,109,0.8934426229508197,4.860861778259277,0.0
feature_matching,kodak24,kodim02,25,tv_discrepancy,sift,62,59,34,24,0.7058823529411765,6.724778175354004,0.0
feature_matching,kodak24,kodim02,25,tv_chambolle_val,orb,104,111,74,72,0.972972972972973,14.088532447814941,0.0
feature_matching,kodak24,kodim02,25,tv_chambolle_val,sift,29,30,19,16,0.8421052631578947,7.737434387207031,0.0
feature_matching,kodak24,kodim02,25,ectv,orb,353,360,150,130,0.8666666666666667,8.698100090026855,0.0
feature_matching,kodak24,kodim02,25,ectv,sift,135,136,59,20,0.3389830508474576,24.445098876953125,0.0
feature_matching,kodak24,kodim02,25,ectv_fidelity,orb,131,138,85,84,0.9882352941176471,2.19913911819458,1.0
feature_matching,kodak24,kodim02,25,ectv_fidelity,sift,36,37,21,17,0.8095238095238095,8.771326065063477,0.0
feature_matching,kodak24,kodim02,25,bilateral_val,orb,128,128,82,74,0.9024390243902439,31.252567291259766,0.0
feature_matching,kodak24,kodim02,25,bilateral_val,sift,19,9,6,5,0.8333333333333334,247.97836303710938,0.0
feature_matching,kodak24,kodim02,25,pm_diff_val,orb,107,109,73,72,0.9863013698630136,9.505136489868164,0.0
feature_matching,kodak24,kodim02,25,pm_diff_val,sift,46,41,29,23,0.7931034482758621,3.469994068145752,0.0
feature_matching,kodak24,kodim02,25,wavelet_bayes,orb,149,135,78,70,0.8974358974358975,24.374597549438477,0.0
feature_matching,kodak24,kodim02,25,wavelet_bayes,sift,25,30,15,11,0.7333333333333333,19.028013229370117,0.0
feature_matching,kodak24,kodim02,25,nlm,orb,122,128,84,81,0.9642857142857143,7.467685699462891,0.0
feature_matching,kodak24,kodim02,25,nlm,sift,28,29,18,15,0.8333333333333334,5.642937660217285,0.0
feature_matching,kodak24,kodim02,25,bm3d,orb,153,176,110,109,0.990909090909091,4.901031494140625,0.0
feature_matching,kodak24,kodim02,25,bm3d,sift,53,51,32,25,0.78125,1.824761152267456,1.0
feature_matching,kodak24,kodim02,25,fdncnn_color,orb,166,181,111,109,0.9819819819819819,8.859641075134277,0.0
feature_matching,kodak24,kodim02,25,fdncnn_color,sift,49,47,34,27,0.7941176470588235,4.721635341644287,0.0
feature_matching,kodak24,kodim02,25,ectv_fdncnn,orb,166,181,111,109,0.9819819819819819,8.859641075134277,0.0
feature_matching,kodak24,kodim02,25,ectv_fdncnn,sift,49,47,34,27,0.7941176470588235,4.721635341644287,0.0
feature_matching,kodak24,kodim02,50,noisy,orb,505,511,150,100,0.6666666666666666,5.466894149780273,0.0
feature_matching,kodak24,kodim02,50,noisy,sift,158,198,62,9,0.14516129032258066,131.03135681152344,0.0
feature_matching,kodak24,kodim02,50,tv_maxiter,orb,451,472,150,99,0.66,24.552265167236328,0.0
feature_matching,kodak24,kodim02,50,tv_maxiter,sift,342,349,118,11,0.09322033898305085,99.37335205078125,0.0
feature_matching,kodak24,kodim02,50,tv_fixedk_val,orb,451,472,150,94,0.6266666666666667,25.56940460205078,0.0
feature_matching,kodak24,kodim02,50,tv_fixedk_val,sift,344,348,115,11,0.09565217391304348,76.124755859375,0.0
feature_matching,kodak24,kodim02,50,tv_discrepancy,orb,451,472,150,99,0.66,24.552265167236328,0.0
feature_matching,kodak24,kodim02,50,tv_discrepancy,sift,342,349,118,11,0.09322033898305085,99.37335205078125,0.0
feature_matching,kodak24,kodim02,50,tv_chambolle_val,orb,85,85,46,42,0.9130434782608695,38.302757263183594,0.0
feature_matching,kodak24,kodim02,50,tv_chambolle_val,sift,17,28,7,5,0.7142857142857143,19.49689483642578,0.0
feature_matching,kodak24,kodim02,50,ectv,orb,451,472,150,99,0.66,24.552265167236328,0.0
feature_matching,kodak24,kodim02,50,ectv,sift,342,349,118,11,0.09322033898305085,99.37335205078125,0.0
feature_matching,kodak24,kodim02,50,ectv_fidelity,orb,79,92,49,47,0.9591836734693877,23.20684051513672,0.0
feature_matching,kodak24,kodim02,50,ectv_fidelity,sift,16,20,7,4,0.5714285714285714,156.36195373535156,0.0
feature_matching,kodak24,kodim02,50,bilateral_val,orb,114,137,59,58,0.9830508474576272,32.804725646972656,0.0
feature_matching,kodak24,kodim02,50,bilateral_val,sift,10,14,5,4,0.8,151.069580078125,0.0
feature_matching,kodak24,kodim02,50,pm_diff_val,orb,145,183,68,54,0.7941176470588235,15.20828914642334,0.0
feature_matching,kodak24,kodim02,50,pm_diff_val,sift,107,123,46,14,0.30434782608695654,12.2691650390625,0.0
feature_matching,kodak24,kodim02,50,wavelet_bayes,orb,71,48,24,18,0.75,175.9475860595703,0.0
feature_matching,kodak24,kodim02,50,wavelet_bayes,sift,11,8,5,0,0.0,,0.0
feature_matching,kodak24,kodim02,50,nlm,orb,61,74,39,37,0.9487179487179487,24.759586334228516,0.0
feature_matching,kodak24,kodim02,50,nlm,sift,15,12,6,5,0.8333333333333334,182.58384704589844,0.0
feature_matching,kodak24,kodim02,50,bm3d,orb,96,106,62,59,0.9516129032258065,29.365550994873047,0.0
feature_matching,kodak24,kodim02,50,bm3d,sift,28,22,15,11,0.7333333333333333,7.607661724090576,0.0
feature_matching,kodak24,kodim02,50,fdncnn_color,orb,101,106,69,69,1.0,9.199538230895996,0.0
feature_matching,kodak24,kodim02,50,fdncnn_color,sift,20,27,15,12,0.8,5.29503870010376,0.0
feature_matching,kodak24,kodim02,50,ectv_fdncnn,orb,101,106,69,69,1.0,9.199538230895996,0.0
feature_matching,kodak24,kodim02,50,ectv_fdncnn,sift,20,27,15,12,0.8,5.29503870010376,0.0
feature_matching,kodak24,kodim03,25,noisy,orb,450,462,150,146,0.9733333333333334,9.466596603393555,0.0
feature_matching,kodak24,kodim03,25,noisy,sift,235,261,105,55,0.5238095238095238,1.0869301557540894,1.0
feature_matching,kodak24,kodim03,25,tv_maxiter,orb,269,284,150,134,0.8933333333333333,2.8005664348602295,1.0
feature_matching,kodak24,kodim03,25,tv_maxiter,sift,200,221,95,62,0.6526315789473685,0.8368760943412781,1.0
feature_matching,kodak24,kodim03,25,tv_fixedk_val,orb,262,282,143,131,0.916083916083916,5.009036540985107,0.0
feature_matching,kodak24,kodim03,25,tv_fixedk_val,sift,198,214,99,63,0.6363636363636364,0.6076610088348389,1.0
feature_matching,kodak24,kodim03,25,tv_discrepancy,orb,269,284,150,134,0.8933333333333333,2.8005664348602295,1.0
feature_matching,kodak24,kodim03,25,tv_discrepancy,sift,200,221,95,62,0.6526315789473685,0.8368760943412781,1.0
feature_matching,kodak24,kodim03,25,tv_chambolle_val,orb,126,142,79,75,0.9493670886075949,3.042001485824585,0.0
feature_matching,kodak24,kodim03,25,tv_chambolle_val,sift,103,104,55,47,0.8545454545454545,0.8250643610954285,1.0
feature_matching,kodak24,kodim03,25,ectv,orb,398,388,150,146,0.9733333333333334,3.2329325675964355,0.0
feature_matching,kodak24,kodim03,25,ectv,sift,290,310,129,79,0.6124031007751938,0.8801312446594238,1.0
feature_matching,kodak24,kodim03,25,ectv_fidelity,orb,163,181,99,97,0.9797979797979798,2.7037839889526367,1.0
feature_matching,kodak24,kodim03,25,ectv_fidelity,sift,120,130,70,60,0.8571428571428571,0.6669333577156067,1.0
feature_matching,kodak24,kodim03,25,bilateral_val,orb,236,249,117,102,0.8717948717948718,8.095867156982422,0.0
feature_matching,kodak24,kodim03,25,bilateral_val,sift,82,83,40,29,0.725,1.4868569374084473,1.0
feature_matching,kodak24,kodim03,25,pm_diff_val,orb,120,131,66,64,0.9696969696969697,1.776144027709961,1.0
feature_matching,kodak24,kodim03,25,pm_diff_val,sift,134,159,89,71,0.797752808988764,1.4636292457580566,1.0
feature_matching,kodak24,kodim03,25,wavelet_bayes,orb,293,308,144,128,0.8888888888888888,1.362645149230957,1.0
feature_matching,kodak24,kodim03,25,wavelet_bayes,sift,124,126,67,47,0.7014925373134329,2.292968511581421,1.0
feature_matching,kodak24,kodim03,25,nlm,orb,163,164,95,93,0.9789473684210527,1.9738929271697998,1.0
feature_matching,kodak24,kodim03,25,nlm,sift,108,102,56,46,0.8214285714285714,2.830904483795166,1.0
feature_matching,kodak24,kodim03,25,bm3d,orb,191,203,119,113,0.9495798319327731,2.4496262073516846,1.0
feature_matching,kodak24,kodim03,25,bm3d,sift,126,152,78,67,0.8589743589743589,0.869802713394165,1.0
feature_matching,kodak24,kodim03,25,fdncnn_color,orb,196,195,116,110,0.9482758620689655,1.3766690492630005,1.0
feature_matching,kodak24,kodim03,25,fdncnn_color,sift,111,115,62,54,0.8709677419354839,0.7682902216911316,1.0
feature_matching,kodak24,kodim03,25,ectv_fdncnn,orb,196,195,116,110,0.9482758620689655,1.3766690492630005,1.0
feature_matching,kodak24,kodim03,25,ectv_fdncnn,sift,111,115,62,54,0.8709677419354839,0.7682902216911316,1.0
feature_matching,kodak24,kodim03,50,noisy,orb,521,518,150,119,0.7933333333333333,5.78127908706665,0.0
feature_matching,kodak24,kodim03,50,noisy,sift,234,235,88,33,0.375,1.0131309032440186,1.0
feature_matching,kodak24,kodim03,50,tv_maxiter,orb,489,503,150,113,0.7533333333333333,14.665103912353516,0.0
feature_matching,kodak24,kodim03,50,tv_maxiter,sift,413,411,150,39,0.26,4.968053340911865,0.0
feature_matching,kodak24,kodim03,50,tv_fixedk_val,orb,489,501,150,121,0.8066666666666666,9.087023735046387,0.0
feature_matching,kodak24,kodim03,50,tv_fixedk_val,sift,419,406,150,39,0.26,2.9108455181121826,1.0
feature_matching,kodak24,kodim03,50,tv_discrepancy,orb,489,503,150,113,0.7533333333333333,14.665103912353516,0.0
feature_matching,kodak24,kodim03,50,tv_discrepancy,sift,413,411,150,39,0.26,4.968053340911865,0.0
feature_matching,kodak24,kodim03,50,tv_chambolle_val,orb,148,181,64,45,0.703125,7.439263343811035,0.0
feature_matching,kodak24,kodim03,50,tv_chambolle_val,sift,135,172,71,44,0.6197183098591549,6.6497344970703125,0.0
feature_matching,kodak24,kodim03,50,ectv,orb,489,503,150,113,0.7533333333333333,14.665103912353516,0.0
feature_matching,kodak24,kodim03,50,ectv,sift,413,411,150,39,0.26,4.968053340911865,0.0
feature_matching,kodak24,kodim03,50,ectv_fidelity,orb,93,132,46,34,0.7391304347826086,8.72098159790039,0.0
feature_matching,kodak24,kodim03,50,ectv_fidelity,sift,85,84,42,29,0.6904761904761905,6.718524932861328,0.0
feature_matching,kodak24,kodim03,50,bilateral_val,orb,140,164,66,41,0.6212121212121212,4.106339454650879,0.0
feature_matching,kodak24,kodim03,50,bilateral_val,sift,37,25,16,14,0.875,5.266486644744873,0.0
feature_matching,kodak24,kodim03,50,pm_diff_val,orb,221,267,85,53,0.6235294117647059,4.562467575073242,0.0
feature_matching,kodak24,kodim03,50,pm_diff_val,sift,245,280,120,55,0.4583333333333333,3.1387810707092285,0.0
feature_matching,kodak24,kodim03,50,wavelet_bayes,orb,111,119,45,24,0.5333333333333333,46.44573974609375,0.0
feature_matching,kodak24,kodim03,50,wavelet_bayes,sift,70,87,38,19,0.5,20.224390029907227,0.0
feature_matching,kodak24,kodim03,50,nlm,orb,31,49,15,11,0.7333333333333333,491.2979736328125,0.0
feature_matching,kodak24,kodim03,50,nlm,sift,51,47,30,23,0.7666666666666667,3.798765182495117,0.0
feature_matching,kodak24,kodim03,50,bm3d,orb,103,103,42,36,0.8571428571428571,4.785139083862305,0.0
feature_matching,kodak24,kodim03,50,bm3d,sift,90,94,50,39,0.78,1.7485082149505615,1.0
feature_matching,kodak24,kodim03,50,fdncnn_color,orb,90,99,41,36,0.8780487804878049,4.408770561218262,0.0
feature_matching,kodak24,kodim03,50,fdncnn_color,sift,66,69,35,30,0.8571428571428571,1.1860759258270264,1.0
feature_matching,kodak24,kodim03,50,ectv_fdncnn,orb,90,99,41,36,0.8780487804878049,4.408770561218262,0.0
feature_matching,kodak24,kodim03,50,ectv_fdncnn,sift,66,69,35,30,0.8571428571428571,1.1860759258270264,1.0
feature_matching,kodak24,kodim04,25,noisy,orb,464,432,150,147,0.98,5.345206260681152,0.0
feature_matching,kodak24,kodim04,25,noisy,sift,240,244,104,71,0.6826923076923077,1.9723697900772095,1.0
feature_matching,kodak24,kodim04,25,tv_maxiter,orb,305,228,136,117,0.8602941176470589,4.756097316741943,0.0
feature_matching,kodak24,kodim04,25,tv_maxiter,sift,194,196,100,85,0.85,0.8916639685630798,1.0
feature_matching,kodak24,kodim04,25,tv_fixedk_val,orb,300,225,134,115,0.8582089552238806,2.7505972385406494,1.0
feature_matching,kodak24,kodim04,25,tv_fixedk_val,sift,201,197,100,86,0.86,1.3209363222122192,1.0
feature_matching,kodak24,kodim04,25,tv_discrepancy,orb,305,228,136,117,0.8602941176470589,4.756097316741943,0.0
feature_matching,kodak24,kodim04,25,tv_discrepancy,sift,194,196,100,85,0.85,0.8916639685630798,1.0
feature_matching,kodak24,kodim04,25,tv_chambolle_val,orb,161,112,68,62,0.9117647058823529,4.5017828941345215,0.0
feature_matching,kodak24,kodim04,25,tv_chambolle_val,sift,148,111,70,59,0.8428571428571429,1.08623206615448,1.0
feature_matching,kodak24,kodim04,25,ectv,orb,394,354,150,136,0.9066666666666666,0.5995217561721802,1.0
feature_matching,kodak24,kodim04,25,ectv,sift,264,266,123,85,0.6910569105691057,0.7205954194068909,1.0
feature_matching,kodak24,kodim04,25,ectv_fidelity,orb,182,130,86,79,0.9186046511627907,2.949514627456665,1.0
feature_matching,kodak24,kodim04,25,ectv_fidelity,sift,127,130,74,59,0.7972972972972973,1.0190775394439697,1.0
feature_matching,kodak24,kodim04,25,bilateral_val,orb,216,202,102,99,0.9705882352941176,1.5813157558441162,1.0
feature_matching,kodak24,kodim04,25,bilateral_val,sift,98,99,45,32,0.7111111111111111,2.543889045715332,1.0
feature_matching,kodak24,kodim04,25,pm_diff_val,orb,145,100,68,65,0.9558823529411765,1.4522435665130615,1.0
feature_matching,kodak24,kodim04,25,pm_diff_val,sift,155,146,80,64,0.8,0.8806804418563843,1.0
feature_matching,kodak24,kodim04,25,wavelet_bayes,orb,299,249,129,112,0.8682170542635659,4.375941276550293,0.0
feature_matching,kodak24,kodim04,25,wavelet_bayes,sift,157,142,78,58,0.7435897435897436,1.0510077476501465,1.0
feature_matching,kodak24,kodim04,25,nlm,orb,142,112,79,77,0.9746835443037974,3.641803503036499,0.0
feature_matching,kodak24,kodim04,25,nlm,sift,116,100,58,51,0.8793103448275862,0.7316797971725464,1.0
feature_matching,kodak24,kodim04,25,bm3d,orb,199,162,107,99,0.9252336448598131,3.0149762630462646,0.0
feature_matching,kodak24,kodim04,25,bm3d,sift,158,175,93,82,0.8817204301075269,0.8998515605926514,1.0
feature_matching,kodak24,kodim04,25,fdncnn_color,orb,201,163,104,101,0.9711538461538461,9.61535930633545,0.0
feature_matching,kodak24,kodim04,25,fdncnn_color,sift,133,154,97,80,0.8247422680412371,0.40222829580307007,1.0
feature_matching,kodak24,kodim04,25,ectv_fdncnn,orb,201,163,104,101,0.9711538461538461,9.61535930633545,0.0
feature_matching,kodak24,kodim04,25,ectv_fdncnn,sift,133,154,97,80,0.8247422680412371,0.40222829580307007,1.0
feature_matching,kodak24,kodim04,50,noisy,orb,509,510,150,125,0.8333333333333334,2.4675540924072266,1.0
feature_matching,kodak24,kodim04,50,noisy,sift,252,279,110,39,0.35454545454545455,3.279393434524536,0.0
feature_matching,kodak24,kodim04,50,tv_maxiter,orb,487,492,150,130,0.8666666666666667,8.6320161819458,0.0
feature_matching,kodak24,kodim04,50,tv_maxiter,sift,428,445,150,48,0.32,1.5926151275634766,1.0
feature_matching,kodak24,kodim04,50,tv_fixedk_val,orb,487,492,150,131,0.8733333333333333,9.92491340637207,0.0
feature_matching,kodak24,kodim04,50,tv_fixedk_val,sift,424,443,150,45,0.3,2.7582781314849854,1.0
feature_matching,kodak24,kodim04,50,tv_discrepancy,orb,487,492,150,130,0.8666666666666667,8.6320161819458,0.0
feature_matching,kodak24,kodim04,50,tv_discrepancy,sift,428,445,150,48,0.32,1.5926151275634766,1.0
feature_matching,kodak24,kodim04,50,tv_chambolle_val,orb,106,68,45,41,0.9111111111111111,5.31558084487915,0.0
feature_matching,kodak24,kodim04,50,tv_chambolle_val,sift,92,82,49,35,0.7142857142857143,1.5897798538208008,1.0
feature_matching,kodak24,kodim04,50,ectv,orb,487,492,150,130,0.8666666666666667,8.6320161819458,0.0
feature_matching,kodak24,kodim04,50,ectv,sift,428,445,150,48,0.32,1.5926151275634766,1.0
feature_matching,kodak24,kodim04,50,ectv_fidelity,orb,124,82,48,45,0.9375,9.803175926208496,0.0
feature_matching,kodak24,kodim04,50,ectv_fidelity,sift,99,92,50,39,0.78,2.574456214904785,1.0
feature_matching,kodak24,kodim04,50,bilateral_val,orb,172,150,72,49,0.6805555555555556,404.9049377441406,0.0
feature_matching,kodak24,kodim04,50,bilateral_val,sift,44,53,20,15,0.75,12.051164627075195,0.0
feature_matching,kodak24,kodim04,50,pm_diff_val,orb,263,220,95,62,0.6526315789473685,8.957117080688477,0.0
feature_matching,kodak24,kodim04,50,pm_diff_val,sift,234,252,107,58,0.5420560747663551,1.5562989711761475,1.0
feature_matching,kodak24,kodim04,50,wavelet_bayes,orb,135,97,47,35,0.7446808510638298,17.42212677001953,0.0
feature_matching,kodak24,kodim04,50,wavelet_bayes,sift,83,103,46,28,0.6086956521739131,3.0492258071899414,0.0
feature_matching,kodak24,kodim04,50,nlm,orb,87,44,31,27,0.8709677419354839,15.145999908447266,0.0
feature_matching,kodak24,kodim04,50,nlm,sift,65,62,37,32,0.8648648648648649,0.943272590637207,1.0
feature_matching,kodak24,kodim04,50,bm3d,orb,151,103,67,62,0.9253731343283582,5.1456708908081055,0.0
feature_matching,kodak24,kodim04,50,bm3d,sift,145,138,73,59,0.8082191780821918,2.6063649654388428,1.0
feature_matching,kodak24,kodim04,50,fdncnn_color,orb,147,107,64,60,0.9375,5.173573970794678,0.0
feature_matching,kodak24,kodim04,50,fdncnn_color,sift,110,115,64,45,0.703125,1.6506659984588623,1.0
feature_matching,kodak24,kodim04,50,ectv_fdncnn,orb,147,107,64,60,0.9375,5.173573970794678,0.0
feature_matching,kodak24,kodim04,50,ectv_fdncnn,sift,110,115,64,45,0.703125,1.6506659984588623,1.0
feature_matching,kodak24,kodim05,25,noisy,orb,538,558,150,150,1.0,0.6340705156326294,1.0
feature_matching,kodak24,kodim05,25,noisy,sift,630,618,150,147,0.98,0.7844886779785156,1.0
feature_matching,kodak24,kodim05,25,tv_maxiter,orb,537,545,150,150,1.0,0.4291939437389374,1.0
feature_matching,kodak24,kodim05,25,tv_maxiter,sift,699,642,150,150,1.0,0.5604218244552612,1.0
feature_matching,kodak24,kodim05,25,tv_fixedk_val,orb,535,543,150,150,1.0,0.975440502166748,1.0
feature_matching,kodak24,kodim05,25,tv_fixedk_val,sift,700,659,150,150,1.0,0.5511170625686646,1.0
feature_matching,kodak24,kodim05,25,tv_discrepancy,orb,537,545,150,150,1.0,0.4291939437389374,1.0
feature_matching,kodak24,kodim05,25,tv_discrepancy,sift,699,642,150,150,1.0,0.5604218244552612,1.0
feature_matching,kodak24,kodim05,25,tv_chambolle_val,orb,533,543,150,150,1.0,0.6253409385681152,1.0
feature_matching,kodak24,kodim05,25,tv_chambolle_val,sift,689,682,150,150,1.0,0.4037571847438812,1.0
feature_matching,kodak24,kodim05,25,ectv,orb,535,548,150,150,1.0,1.098974585533142,1.0
feature_matching,kodak24,kodim05,25,ectv,sift,700,700,150,149,0.9933333333333333,0.49783891439437866,1.0
feature_matching,kodak24,kodim05,25,ectv_fidelity,orb,530,540,150,150,1.0,0.5491777062416077,1.0
feature_matching,kodak24,kodim05,25,ectv_fidelity,sift,554,566,150,150,1.0,0.4808117151260376,1.0
feature_matching,kodak24,kodim05,25,bilateral_val,orb,516,526,150,150,1.0,1.1923452615737915,1.0
feature_matching,kodak24,kodim05,25,bilateral_val,sift,392,411,150,143,0.9533333333333334,0.9252986907958984,1.0
feature_matching,kodak24,kodim05,25,pm_diff_val,orb,533,537,150,150,1.0,0.408092737197876,1.0
feature_matching,kodak24,kodim05,25,pm_diff_val,sift,580,576,150,150,1.0,0.3762328028678894,1.0
feature_matching,kodak24,kodim05,25,wavelet_bayes,orb,537,541,150,150,1.0,0.4579492211341858,1.0
feature_matching,kodak24,kodim05,25,wavelet_bayes,sift,621,619,150,145,0.9666666666666667,1.036970853805542,1.0
feature_matching,kodak24,kodim05,25,nlm,orb,528,542,150,150,1.0,0.7503670454025269,1.0
feature_matching,kodak24,kodim05,25,nlm,sift,448,476,150,150,1.0,0.29167306423187256,1.0
feature_matching,kodak24,kodim05,25,bm3d,orb,535,545,150,150,1.0,0.5995486974716187,1.0
feature_matching,kodak24,kodim05,25,bm3d,sift,700,700,150,148,0.9866666666666667,0.2280420958995819,1.0
feature_matching,kodak24,kodim05,25,fdncnn_color,orb,535,546,150,150,1.0,0.622652530670166,1.0
feature_matching,kodak24,kodim05,25,fdncnn_color,sift,642,679,150,150,1.0,0.2025863230228424,1.0
feature_matching,kodak24,kodim05,25,ectv_fdncnn,orb,535,546,150,150,1.0,0.622652530670166,1.0
feature_matching,kodak24,kodim05,25,ectv_fdncnn,sift,642,679,150,150,1.0,0.2025863230228424,1.0
feature_matching,kodak24,kodim05,50,noisy,orb,544,561,150,148,0.9866666666666667,2.5274341106414795,1.0
feature_matching,kodak24,kodim05,50,noisy,sift,482,499,150,87,0.58,1.0037193298339844,1.0
feature_matching,kodak24,kodim05,50,tv_maxiter,orb,536,551,150,149,0.9933333333333333,1.018984079360962,1.0
feature_matching,kodak24,kodim05,50,tv_maxiter,sift,700,700,150,110,0.7333333333333333,0.3004729151725769,1.0
feature_matching,kodak24,kodim05,50,tv_fixedk_val,orb,537,550,150,150,1.0,0.6958326101303101,1.0
feature_matching,kodak24,kodim05,50,tv_fixedk_val,sift,700,700,150,107,0.7133333333333334,0.5155131220817566,1.0
feature_matching,kodak24,kodim05,50,tv_discrepancy,orb,536,551,150,149,0.9933333333333333,1.018984079360962,1.0
feature_matching,kodak24,kodim05,50,tv_discrepancy,sift,700,700,150,110,0.7333333333333333,0.3004729151725769,1.0
feature_matching,kodak24,kodim05,50,tv_chambolle_val,orb,405,457,150,147,0.98,4.3955888748168945,0.0
feature_matching,kodak24,kodim05,50,tv_chambolle_val,sift,316,301,150,114,0.76,0.8748716115951538,1.0
feature_matching,kodak24,kodim05,50,ectv,orb,536,551,150,149,0.9933333333333333,1.018984079360962,1.0
feature_matching,kodak24,kodim05,50,ectv,sift,700,700,150,110,0.7333333333333333,0.3004729151725769,1.0
feature_matching,kodak24,kodim05,50,ectv_fidelity,orb,469,488,150,149,0.9933333333333333,3.7972590923309326,0.0
feature_matching,kodak24,kodim05,50,ectv_fidelity,sift,358,363,150,130,0.8666666666666667,0.8505740165710449,1.0
feature_matching,kodak24,kodim05,50,bilateral_val,orb,415,447,150,146,0.9733333333333334,1.7851723432540894,1.0
feature_matching,kodak24,kodim05,50,bilateral_val,sift,170,189,92,60,0.6521739130434783,2.186962604522705,1.0
feature_matching,kodak24,kodim05,50,pm_diff_val,orb,526,542,150,150,1.0,0.9252030849456787,1.0
feature_matching,kodak24,kodim05,50,pm_diff_val,sift,642,674,150,143,0.9533333333333334,0.6272375583648682,1.0
feature_matching,kodak24,kodim05,50,wavelet_bayes,orb,509,535,150,147,0.98,3.0782127380371094,0.0
feature_matching,kodak24,kodim05,50,wavelet_bayes,sift,406,408,150,86,0.5733333333333334,0.9501442313194275,1.0
feature_matching,kodak24,kodim05,50,nlm,orb,432,460,150,149,0.9933333333333333,1.5745835304260254,1.0
feature_matching,kodak24,kodim05,50,nlm,sift,290,278,139,99,0.7122302158273381,1.4195301532745361,1.0
feature_matching,kodak24,kodim05,50,bm3d,orb,531,539,150,150,1.0,1.6676733493804932,1.0
feature_matching,kodak24,kodim05,50,bm3d,sift,554,594,150,137,0.9133333333333333,0.36026060581207275,1.0
feature_matching,kodak24,kodim05,50,fdncnn_color,orb,526,544,150,150,1.0,0.8837808966636658,1.0
feature_matching,kodak24,kodim05,50,fdncnn_color,sift,554,548,150,144,0.96,0.23386389017105103,1.0
feature_matching,kodak24,kodim05,50,ectv_fdncnn,orb,526,544,150,150,1.0,0.8837808966636658,1.0
feature_matching,kodak24,kodim05,50,ectv_fdncnn,sift,554,548,150,144,0.96,0.23386389017105103,1.0
