task,dataset,image,sigma255,method,edge_precision,edge_recall,edge_f1,edge_density,pred_edge_count,ref_edge_count,canny_sigma,canny_low,canny_high,tolerance_px,edge_f1_tol2
edge_extraction,kodak24,kodim01,25,noisy,0.79348421959433,0.9467268189671723,0.8633582645679097,0.29168951023391815,12769.0,10418.0,1.0,0.1,0.2,1.0,0.9300980688143228
edge_extraction,kodak24,kodim01,25,tv_maxiter,0.9405270655270656,0.783739681320791,0.8550050436886407,0.1924342105263158,8424.0,10418.0,1.0,0.1,0.2,1.0,0.9184070233500891
edge_extraction,kodak24,kodim01,25,tv_fixedk_val,0.9412535748331744,0.782011902476483,0.8542752216184681,0.19170321637426901,8392.0,10418.0,1.0,0.1,0.2,1.0,0.9182569812956716
edge_extraction,kodak24,kodim01,25,tv_discrepancy,0.9405270655270656,0.783739681320791,0.8550050436886407,0.1924342105263158,8424.0,10418.0,1.0,0.1,0.2,1.0,0.9184070233500891
edge_extraction,kodak24,kodim01,25,tv_chambolle_val,0.9759411895745155,0.4389518141677865,0.6055456554689773,0.10254477339181287,4489.0,10418.0,1.0,0.1,0.2,1.0,0.6708588810533054
edge_extraction,kodak24,kodim01,25,ectv,0.8644578313253012,0.9102514878095603,0.8867638419750543,0.25027412280701755,10956.0,10418.0,1.0,0.1,0.2,1.0,0.9502271783911356
edge_extraction,kodak24,kodim01,25,ectv_fidelity,0.97709049255441,0.5142061816087541,0.6738108921815367,0.1196546052631579,5238.0,10418.0,1.0,0.1,0.2,1.0,0.7373479486970966
edge_extraction,kodak24,kodim01,25,bilateral_val,0.9443014705882353,0.5032635822614705,0.6565957638828839,0.12426900584795321,5440.0,10418.0,1.0,0.1,0.2,1.0,0.7118346603713985
edge_extraction,kodak24,kodim01,25,pm_diff_val,0.9474349964862966,0.6771933192551354,0.7898380741397173,0.16253198099415206,7115.0,10418.0,1.0,0.1,0.2,1.0,0.8646313270498708
edge_extraction,kodak24,kodim01,25,wavelet_bayes,0.9176610978520287,0.7629103474755231,0.8331608263052566,0.19142909356725146,8380.0,10418.0,1.0,0.1,0.2,1.0,0.9104117386596909
edge_extraction,kodak24,kodim01,25,nlm,0.9802130898021308,0.38875023996928393,0.5567104181603455,0.09004934210526316,3942.0,10418.0,1.0,0.1,0.2,1.0,0.6083747543089292
edge_extraction,kodak24,kodim01,25,bm3d,0.9543194171388921,0.8280860049913611,0.8867326634136322,0.19752832602339182,8647.0,10418.0,1.0,0.1,0.2,1.0,0.9401386758747907
edge_extraction,kodak24,kodim01,25,fdncnn_color,0.9501241254795757,0.8349971203685929,0.8888482063762864,0.20243969298245615,8862.0,10418.0,1.0,0.1,0.2,1.0,0.9405843573324186
edge_extraction,kodak24,kodim01,25,ectv_fdncnn,0.9501241254795757,0.8349971203685929,0.8888482063762864,0.20243969298245615,8862.0,10418.0,1.0,0.1,0.2,1.0,0.9405843573324186
edge_extraction,kodak24,kodim01,50,noisy,0.6971382615106226,0.9364561336148973,0.7992674349486696,0.3408488669590643,14921.0,10418.0,1.0,0.1,0.2,1.0,0.905781196457469
edge_extraction,kodak24,kodim01,50,tv_maxiter,0.7268829920910637,0.9053561144173545,0.8063622035908279,0.30905062134502925,13529.0,10418.0,1.0,0.1,0.2,1.0,0.9125733400554086
edge_extraction,kodak24,kodim01,50,tv_fixedk_val,0.7288625416821045,0.9053561144173545,0.8075787853954187,0.3082739400584795,13495.0,10418.0,1.0,0.1,0.2,1.0,0.9138532937675853
edge_extraction,kodak24,kodim01,50,tv_discrepancy,0.7268829920910637,0.9053561144173545,0.8063622035908279,0.30905062134502925,13529.0,10418.0,1.0,0.1,0.2,1.0,0.9125733400554086
edge_extraction,kodak24,kodim01,50,tv_chambolle_val,0.9360370168753402,0.33259742752927623,0.4908009635999176,0.08392726608187134,3674.0,10418.0,1.0,0.1,0.2,1.0,0.5786025838071199
edge_extraction,kodak24,kodim01,50,ectv,0.7268829920910637,0.9053561144173545,0.8063622035908279,0.30905062134502925,13529.0,10418.0,1.0,0.1,0.2,1.0,0.9125733400554086
edge_extraction,kodak24,kodim01,50,ectv_fidelity,0.9505756809884863,0.3320215012478403,0.4921444846794181,0.08134594298245613,3561.0,10418.0,1.0,0.1,0.2,1.0,0.5637667001054468
edge_extraction,kodak24,kodim01,50,bilateral_val,0.801484550319351,0.4458629295450182,0.5729794710120619,0.13233278508771928,5793.0,10418.0,1.0,0.1,0.2,1.0,0.6836922461285655
edge_extraction,kodak24,kodim01,50,pm_diff_val,0.8396142762136999,0.7387214436552121,0.7859431455934156,0.20609466374269006,9022.0,10418.0,1.0,0.1,0.2,1.0,0.9035957557631393
edge_extraction,kodak24,kodim01,50,wavelet_bayes,0.8181967752550181,0.4852178921098099,0.6091748459804033,0.13884320175438597,6078.0,10418.0,1.0,0.1,0.2,1.0,0.749843180293345
edge_extraction,kodak24,kodim01,50,nlm,0.9540481400437637,0.25311960069111156,0.40009068516189267,0.06263706140350878,2742.0,10418.0,1.0,0.1,0.2,1.0,0.4600279890379973
edge_extraction,kodak24,kodim01,50,bm3d,0.9535680897475849,0.6171050105586485,0.7492986872664256,0.14661001461988304,6418.0,10418.0,1.0,0.1,0.2,1.0,0.8230842293903646
edge_extraction,kodak24,kodim01,50,fdncnn_color,0.9446733372572101,0.6419658283739681,0.7644435037677592,0.15524488304093567,6796.0,10418.0,1.0,0.1,0.2,1.0,0.8414189200672139
edge_extraction,kodak24,kodim01,50,ectv_fdncnn,0.9446733372572101,0.6419658283739681,0.7644435037677592,0.15524488304093567,6796.0,10418.0,1.0,0.1,0.2,1.0,0.8414189200672139
edge_extraction,kodak24,kodim02,25,noisy,0.2601531291611185,0.9471337579617835,0.40818767021496505,0.2744883040935672,12016.0,3140.0,1.0,0.1,0.2,1.0,0.4743294744678677
edge_extraction,kodak24,kodim02,25,tv_maxiter,0.8594003241491086,0.671656050955414,0.7540172096777131,0.05637792397660819,2468.0,3140.0,1.0,0.1,0.2,1.0,0.799023549189475
edge_extraction,kodak24,kodim02,25,tv_fixedk_val,0.8592233009708737,0.6745222929936305,0.7557515059147978,0.05646929824561404,2472.0,3140.0,1.0,0.1,0.2,1.0,0.8014096612391755
edge_extraction,kodak24,kodim02,25,tv_discrepancy,0.8594003241491086,0.671656050955414,0.7540172096777131,0.05637792397660819,2468.0,3140.0,1.0,0.1,0.2,1.0,0.799023549189475
edge_extraction,kodak24,kodim02,25,tv_chambolle_val,0.9699749791492911,0.3767515923566879,0.542707964144477,0.027389437134502925,1199.0,3140.0,1.0,0.1,0.2,1.0,0.5894493510062153
edge_extraction,kodak24,kodim02,25,ectv,0.3992106005074711,0.8792993630573248,0.5491167636632364,0.16205226608187134,7094.0,3140.0,1.0,0.1,0.2,1.0,0.6092703470246118
edge_extraction,kodak24,kodim02,25,ectv_fidelity,0.9720670391061452,0.5105095541401274,0.6694419876706624,0.03680098684210526,1611.0,3140.0,1.0,0.1,0.2,1.0,0.7125640041723226
edge_extraction,kodak24,kodim02,25,bilateral_val,0.7355263157894737,0.17993630573248406,0.2891388133622623,0.017361111111111112,760.0,3140.0,1.0,0.1,0.2,1.0,0.3146121716317443
edge_extraction,kodak24,kodim02,25,pm_diff_val,0.9108409321175278,0.5729299363057325,0.7034078486488886,0.04509320175438596,1974.0,3140.0,1.0,0.1,0.2,1.0,0.756923512422244
edge_extraction,kodak24,kodim02,25,wavelet_bayes,0.8944591029023746,0.4388535031847134,0.5888139195145716,0.03463084795321637,1516.0,3140.0,1.0,0.1,0.2,1.0,0.6564634402326981
edge_extraction,kodak24,kodim02,25,nlm,0.9610655737704918,0.30987261146496814,0.4686426178597616,0.0222953216374269,976.0,3140.0,1.0,0.1,0.2,1.0,0.50304801423228
edge_extraction,kodak24,kodim02,25,bm3d,0.9314629258517034,0.756687898089172,0.8350281426458624,0.056994700292397664,2495.0,3140.0,1.0,0.1,0.2,1.0,0.8632972987007859
edge_extraction,kodak24,kodim02,25,fdncnn_color,0.9179799426934098,0.835031847133758,0.8745434475995099,0.06377923976608187,2792.0,3140.0,1.0,0.1,0.2,1.0,0.9020550838582624
edge_extraction,kodak24,kodim02,25,ectv_fdncnn,0.9179799426934098,0.835031847133758,0.8745434475995099,0.06377923976608187,2792.0,3140.0,1.0,0.1,0.2,1.0,0.9020550838582624
edge_extraction,kodak24,kodim02,50,noisy,0.1975765946760422,0.9328025477707006,0.326085193848761,0.36385233918128657,15928.0,3140.0,1.0,0.1,0.2,1.0,0.4201223488209391
edge_extraction,kodak24,kodim02,50,tv_maxiter,0.21445204482608063,0.8939490445859872,0.3459202673347694,0.31391630116959063,13742.0,3140.0,1.0,0.1,0.2,1.0,0.43493417722002914
edge_extraction,kodak24,kodim02,50,tv_fixedk_val,0.21447818804165755,0.8939490445859872,0.34595427762966635,0.31366502192982454,13731.0,3140.0,1.0,0.1,0.2,1.0,0.43485235199263467
edge_extraction,kodak24,kodim02,50,tv_discrepancy,0.21445204482608063,0.8939490445859872,0.3459202673347694,0.31391630116959063,13742.0,3140.0,1.0,0.1,0.2,1.0,0.43493417722002914
edge_extraction,kodak24,kodim02,50,tv_chambolle_val,0.7756703727926749,0.3837579617834395,0.5134766374112208,0.03492781432748538,1529.0,3140.0,1.0,0.1,0.2,1.0,0.5907266117145924
edge_extraction,kodak24,kodim02,50,ectv,0.21445204482608063,0.8939490445859872,0.3459202673347694,0.31391630116959063,13742.0,3140.0,1.0,0.1,0.2,1.0,0.43493417722002914
edge_extraction,kodak24,kodim02,50,ectv_fidelity,0.9120553359683794,0.2980891719745223,0.4493245527443848,0.023117690058479533,1012.0,3140.0,1.0,0.1,0.2,1.0,0.5012503572105536
edge_extraction,kodak24,kodim02,50,bilateral_val,0.4099264705882353,0.13885350318471337,0.20744097528920294,0.024853801169590642,1088.0,3140.0,1.0,0.1,0.2,1.0,0.26996449018527363
edge_extraction,kodak24,kodim02,50,pm_diff_val,0.332972471388803,0.6729299363057325,0.44550473733685,0.14770650584795322,6466.0,3140.0,1.0,0.1,0.2,1.0,0.5332325621883908
edge_extraction,kodak24,kodim02,50,wavelet_bayes,0.6839160839160839,0.160828025477707,0.2604170236773906,0.01633315058479532,715.0,3140.0,1.0,0.1,0.2,1.0,0.3237333333333334
edge_extraction,kodak24,kodim02,50,nlm,0.9196217494089834,0.1232484076433121,0.2173653459778322,0.009662828947368422,423.0,3140.0,1.0,0.1,0.2,1.0,0.24776804163522026
edge_extraction,kodak24,kodim02,50,bm3d,0.9702833448514168,0.4627388535031847,0.6266306315217006,0.0330546418128655,1447.0,3140.0,1.0,0.1,0.2,1.0,0.6640218251028488
edge_extraction,kodak24,kodim02,50,fdncnn_color,0.9554730983302412,0.5070063694267516,0.6624789712943017,0.03693804824561404,1617.0,3140.0,1.0,0.1,0.2,1.0,0.6990000095510072
edge_extraction,kodak24,kodim02,50,ectv_fdncnn,0.9554730983302412,0.5070063694267516,0.6624789712943017,0.03693804824561404,1617.0,3140.0,1.0,0.1,0.2,1.0,0.6990000095510072
edge_extraction,kodak24,kodim03,25,noisy,0.32634622334658475,0.955062263129399,0.48646620640117494,0.2528326023391813,11068.0,3694.0,1.0,0.1,0.2,1.0,0.5343715426127011
edge_extraction,kodak24,kodim03,25,tv_maxiter,0.8711570709893796,0.8546291283161884,0.8628139551767422,0.081734283625731,3578.0,3694.0,1.0,0.1,0.2,1.0,0.9001953761263586
edge_extraction,kodak24,kodim03,25,tv_fixedk_val,0.8797396717600453,0.8516513264753655,0.8654676605931794,0.08072916666666667,3534.0,3694.0,1.0,0.1,0.2,1.0,0.9021551533840256
edge_extraction,kodak24,kodim03,25,tv_discrepancy,0.8711570709893796,0.8546291283161884,0.8628139551767422,0.081734283625731,3578.0,3694.0,1.0,0.1,0.2,1.0,0.9001953761263586
edge_extraction,kodak24,kodim03,25,tv_chambolle_val,0.9645700636942676,0.6746074715755279,0.793942276324736,0.057383040935672515,2512.0,3694.0,1.0,0.1,0.2,1.0,0.8247322565573094
edge_extraction,kodak24,kodim03,25,ectv,0.4893857911123691,0.9290741743367623,0.6410835848523961,0.16141264619883042,7066.0,3694.0,1.0,0.1,0.2,1.0,0.68784028076843
edge_extraction,kodak24,kodim03,25,ectv_fidelity,0.9677902621722847,0.7160259880887926,0.8230862228906238,0.06099232456140351,2670.0,3694.0,1.0,0.1,0.2,1.0,0.8494422315982567
edge_extraction,kodak24,kodim03,25,bilateral_val,0.8847227762265656,0.6012452625879805,0.7159445748702216,0.0572688230994152,2507.0,3694.0,1.0,0.1,0.2,1.0,0.7529578448496423
edge_extraction,kodak24,kodim03,25,pm_diff_val,0.8822643781993376,0.8080671358960476,0.8435373099887855,0.07586348684210527,3321.0,3694.0,1.0,0.1,0.2,1.0,0.8847284811998677
edge_extraction,kodak24,kodim03,25,wavelet_bayes,0.8140789100198694,0.778289117487818,0.7957818111137003,0.08047788742690058,3523.0,3694.0,1.0,0.1,0.2,1.0,0.8595982930894663
edge_extraction,kodak24,kodim03,25,nlm,0.9760956175298805,0.6025988088792636,0.7451651778028578,0.051603618421052634,2259.0,3694.0,1.0,0.1,0.2,1.0,0.777357766866827
edge_extraction,kodak24,kodim03,25,bm3d,0.9427312775330396,0.826204656199242,0.8806299382466359,0.0725968567251462,3178.0,3694.0,1.0,0.1,0.2,1.0,0.9064961794259693
edge_extraction,kodak24,kodim03,25,fdncnn_color,0.9636027143738433,0.8611261505143476,0.9094868964050378,0.07405884502923976,3242.0,3694.0,1.0,0.1,0.2,1.0,0.9334652502114196
edge_extraction,kodak24,kodim03,25,ectv_fdncnn,0.9636027143738433,0.8611261505143476,0.9094868964050378,0.07405884502923976,3242.0,3694.0,1.0,0.1,0.2,1.0,0.9334652502114196
edge_extraction,kodak24,kodim03,50,noisy,0.24382858271344876,0.949918787222523,0.3880508680723108,0.34701663011695905,15191.0,3694.0,1.0,0.1,0.2,1.0,0.46945020878802773
edge_extraction,kodak24,kodim03,50,tv_maxiter,0.2656119900083264,0.9206821873308068,0.4122826068162434,0.3017863669590643,13211.0,3694.0,1.0,0.1,0.2,1.0,0.48112119997952757
edge_extraction,kodak24,kodim03,50,tv_fixedk_val,0.26543116490166413,0.9206821873308068,0.4120647407390987,0.30199195906432746,13220.0,3694.0,1.0,0.1,0.2,1.0,0.4807878605119669
edge_extraction,kodak24,kodim03,50,tv_discrepancy,0.2656119900083264,0.9206821873308068,0.4122826068162434,0.3017863669590643,13211.0,3694.0,1.0,0.1,0.2,1.0,0.48112119997952757
edge_extraction,kodak24,kodim03,50,tv_chambolle_val,0.8987184787102108,0.5931239848402815,0.7146216820689854,0.05525858918128655,2419.0,3694.0,1.0,0.1,0.2,1.0,0.7576651823008578
edge_extraction,kodak24,kodim03,50,ectv,0.2656119900083264,0.9206821873308068,0.4122826068162434,0.3017863669590643,13211.0,3694.0,1.0,0.1,0.2,1.0,0.48112119997952757
edge_extraction,kodak24,kodim03,50,ectv_fidelity,0.9381802350892469,0.5871683811586357,0.7222870418008891,0.05247167397660819,2297.0,3694.0,1.0,0.1,0.2,1.0,0.7608264622961435
edge_extraction,kodak24,kodim03,50,bilateral_val,0.5146579804560261,0.555224688684353,0.5341722512566872,0.09116867690058479,3991.0,3694.0,1.0,0.1,0.2,1.0,0.6210956439844408
edge_extraction,kodak24,kodim03,50,pm_diff_val,0.40712223291626565,0.7980508933405522,0.539182719227661,0.16614126461988304,7273.0,3694.0,1.0,0.1,0.2,1.0,0.5968691877406184
edge_extraction,kodak24,kodim03,50,wavelet_bayes,0.549721325902024,0.5151597184623714,0.5318796592035889,0.07787372076023392,3409.0,3694.0,1.0,0.1,0.2,1.0,0.6768306752126709
edge_extraction,kodak24,kodim03,50,nlm,0.9603753910323254,0.5021656740660531,0.6594926694407135,0.0438139619883041,1918.0,3694.0,1.0,0.1,0.2,1.0,0.6983180210500743
edge_extraction,kodak24,kodim03,50,bm3d,0.9222488038277512,0.6461829994585815,0.7599201916918923,0.057291666666666664,2508.0,3694.0,1.0,0.1,0.2,1.0,0.7934805089770645
edge_extraction,kodak24,kodim03,50,fdncnn_color,0.9613978057700122,0.6543042772062805,0.7786666899052106,0.056218019005847955,2461.0,3694.0,1.0,0.1,0.2,1.0,0.8060348845682717
edge_extraction,kodak24,kodim03,50,ectv_fdncnn,0.9613978057700122,0.6543042772062805,0.7786666899052106,0.056218019005847955,2461.0,3694.0,1.0,0.1,0.2,1.0,0.8060348845682717
edge_extraction,kodak24,kodim04,25,noisy,0.3936151552359235,0.9594021860361365,0.5582119738912713,0.2604623538011696,11402.0,4483.0,1.0,0.1,0.2,1.0,0.6218423011779105
edge_extraction,kodak24,kodim04,25,tv_maxiter,0.7931888544891641,0.8543386125362481,0.8226289139166576,0.11067708333333333,4845.0,4483.0,1.0,0.1,0.2,1.0,0.8747575720564434
edge_extraction,kodak24,kodim04,25,tv_fixedk_val,0.806977229997911,0.8563461967432523,0.8309290552361748,0.10935215643274854,4787.0,4483.0,1.0,0.1,0.2,1.0,0.8814110502235407
edge_extraction,kodak24,kodim04,25,tv_discrepancy,0.7931888544891641,0.8543386125362481,0.8226289139166576,0.11067708333333333,4845.0,4483.0,1.0,0.1,0.2,1.0,0.8747575720564434
edge_extraction,kodak24,kodim04,25,tv_chambolle_val,0.9317395407360806,0.6698639304037475,0.7793923054198514,0.07261970029239766,3179.0,4483.0,1.0,0.1,0.2,1.0,0.8292929833528454
edge_extraction,kodak24,kodim04,25,ectv,0.5423900646305918,0.9306268124024091,0.6853454903281408,0.18025858918128654,7891.0,4483.0,1.0,0.1,0.2,1.0,0.7443894326866376
edge_extraction,kodak24,kodim04,25,ectv_fidelity,0.9271468144044321,0.7481597144769128,0.8280919151030514,0.08246527777777778,3610.0,4483.0,1.0,0.1,0.2,1.0,0.8686808999857067
edge_extraction,kodak24,kodim04,25,bilateral_val,0.8863341968911918,0.6109747936649566,0.7233348046119059,0.07054093567251463,3088.0,4483.0,1.0,0.1,0.2,1.0,0.7748097613216239
edge_extraction,kodak24,kodim04,25,pm_diff_val,0.8703071672354948,0.797233995092572,0.832169514693334,0.09370431286549707,4102.0,4483.0,1.0,0.1,0.2,1.0,0.8858486920733074
edge_extraction,kodak24,kodim04,25,wavelet_bayes,0.7632149046793761,0.7845192951148784,0.7737204736056462,0.10544590643274854,4616.0,4483.0,1.0,0.1,0.2,1.0,0.8564012221364661
edge_extraction,kodak24,kodim04,25,nlm,0.9560201874549387,0.6076288199866161,0.7430125502872366,0.06336805555555555,2774.0,4483.0,1.0,0.1,0.2,1.0,0.7902581439054536
edge_extraction,kodak24,kodim04,25,bm3d,0.943669119512814,0.8340397055543163,0.8854740478092044,0.0900264985380117,3941.0,4483.0,1.0,0.1,0.2,1.0,0.9116088688330131
edge_extraction,kodak24,kodim04,25,fdncnn_color,0.940400586223742,0.8603613651572608,0.8986022072908203,0.09352156432748537,4094.0,4483.0,1.0,0.1,0.2,1.0,0.9221376913850852
edge_extraction,kodak24,kodim04,25,ectv_fdncnn,0.940400586223742,0.8603613651572608,0.8986022072908203,0.09352156432748537,4094.0,4483.0,1.0,0.1,0.2,1.0,0.9221376913850852
edge_extraction,kodak24,kodim04,50,noisy,0.30068261647557826,0.9449029667633281,0.4561965073859397,0.34468658625730997,15089.0,4483.0,1.0,0.1,0.2,1.0,0.5603763031041555
edge_extraction,kodak24,kodim04,50,tv_maxiter,0.32772225144660705,0.9179121124247156,0.48299923772015396,0.30397934941520466,13307.0,4483.0,1.0,0.1,0.2,1.0,0.5815190266368903
edge_extraction,kodak24,kodim04,50,tv_fixedk_val,0.3279933814681107,0.9176890475128262,0.48326271098841644,0.30372807017543857,13296.0,4483.0,1.0,0.1,0.2,1.0,0.5814833286048543
edge_extraction,kodak24,kodim04,50,tv_discrepancy,0.32772225144660705,0.9179121124247156,0.48299923772015396,0.30397934941520466,13307.0,4483.0,1.0,0.1,0.2,1.0,0.5815190266368903
edge_extraction,kodak24,kodim04,50,tv_chambolle_val,0.6980997624703088,0.6553647111309391,0.6760575664828582,0.09617141812865497,4210.0,4483.0,1.0,0.1,0.2,1.0,0.7695405901460405
edge_extraction,kodak24,kodim04,50,ectv,0.32772225144660705,0.9179121124247156,0.48299923772015396,0.30397934941520466,13307.0,4483.0,1.0,0.1,0.2,1.0,0.5815190266368903
edge_extraction,kodak24,kodim04,50,ectv_fidelity,0.8584100989423405,0.5632389025206335,0.6801819036110432,0.06695449561403509,2931.0,4483.0,1.0,0.1,0.2,1.0,0.7525484879532351
edge_extraction,kodak24,kodim04,50,bilateral_val,0.6474735605170387,0.48962748159714475,0.5575948611343549,0.07775950292397661,3404.0,4483.0,1.0,0.1,0.2,1.0,0.6595397075007879
edge_extraction,kodak24,kodim04,50,pm_diff_val,0.4947909233623519,0.773142984608521,0.6034133622276511,0.16006487573099415,7007.0,4483.0,1.0,0.1,0.2,1.0,0.6892628412604216
edge_extraction,kodak24,kodim04,50,wavelet_bayes,0.552234993614304,0.5001115324559446,0.5248824072495911,0.08943256578947369,3915.0,4483.0,1.0,0.1,0.2,1.0,0.6982742669357752
edge_extraction,kodak24,kodim04,50,nlm,0.8785046728971962,0.40999330805264333,0.5590711701625064,0.046440972222222224,2033.0,4483.0,1.0,0.1,0.2,1.0,0.625326900784562
edge_extraction,kodak24,kodim04,50,bm3d,0.879908283175695,0.6955163952710238,0.7769214811169055,0.07970120614035088,3489.0,4483.0,1.0,0.1,0.2,1.0,0.8388375175087428
edge_extraction,kodak24,kodim04,50,fdncnn_color,0.9233029679694388,0.7046620566584876,0.799300425360096,0.07773665935672515,3403.0,4483.0,1.0,0.1,0.2,1.0,0.8490352858253578
edge_extraction,kodak24,kodim04,50,ectv_fdncnn,0.9233029679694388,0.7046620566584876,0.799300425360096,0.07773665935672515,3403.0,4483.0,1.0,0.1,0.2,1.0,0.8490352858253578
edge_extraction,kodak24,kodim05,25,noisy,0.8183481858688734,0.9650342987804879,0.8856586565203658,0.28709795321637427,12568.0,10496.0,1.0,0.1,0.2,1.0,0.9332706022033079
edge_extraction,kodak24,kodim05,25,tv_maxiter,0.9458328864099539,0.8646150914634146,0.9034022491527756,0.21297057748538012,9323.0,10496.0,1.0,0.1,0.2,1.0,0.9402205720589706
edge_extraction,kodak24,kodim05,25,tv_fixedk_val,0.9478045630650022,0.8638528963414634,0.9038835820957019,0.2122624269005848,9292.0,10496.0,1.0,0.1,0.2,1.0,0.9410814267721589
edge_extraction,kodak24,kodim05,25,tv_discrepancy,0.9458328864099539,0.8646150914634146,0.9034022491527756,0.21297057748538012,9323.0,10496.0,1.0,0.1,0.2,1.0,0.9402205720589706
edge_extraction,kodak24,kodim05,25,tv_chambolle_val,0.9780008249690637,0.7086509146341463,0.8218189479830866,0.16614126461988304,7273.0,10496.0,1.0,0.1,0.2,1.0,0.8642866286392434
edge_extraction,kodak24,kodim05,25,ectv,0.8840182648401826,0.9318788109756098,0.907317821578516,0.2501370614035088,10950.0,10496.0,1.0,0.1,0.2,1.0,0.947607413935669
edge_extraction,kodak24,kodim05,25,ectv_fidelity,0.9780616853787586,0.7536204268292683,0.8512962738416822,0.17701480263157895,7749.0,10496.0,1.0,0.1,0.2,1.0,0.8884432752859357
edge_extraction,kodak24,kodim05,25,bilateral_val,0.9285194174757282,0.7413300304878049,0.8244328001009499,0.18823099415204678,8240.0,10496.0,1.0,0.1,0.2,1.0,0.8744702793080354
edge_extraction,kodak24,kodim05,25,pm_diff_val,0.9604294848594522,0.79296875,0.8687023323405945,0.18935032894736842,8289.0,10496.0,1.0,0.1,0.2,1.0,0.9162170681412192
edge_extraction,kodak24,kodim05,25,wavelet_bayes,0.9102705965194648,0.8772865853658537,0.8934742804000914,0.2270879020467836,9941.0,10496.0,1.0,0.1,0.2,1.0,0.9384095825185961
edge_extraction,kodak24,kodim05,25,nlm,0.9852853745541023,0.6655868902439024,0.7944806420653076,0.15369152046783627,6728.0,10496.0,1.0,0.1,0.2,1.0,0.8287412974173101
edge_extraction,kodak24,kodim05,25,bm3d,0.9578859585114146,0.891673018292683,0.9235942995252969,0.21913834064327486,9593.0,10496.0,1.0,0.1,0.2,1.0,0.9524474069540908
edge_extraction,kodak24,kodim05,25,fdncnn_color,0.9615149664019548,0.9076791158536586,0.9338217607993026,0.22436951754385964,9822.0,10496.0,1.0,0.1,0.2,1.0,0.9609075793012994
edge_extraction,kodak24,kodim05,25,ectv_fdncnn,0.9615149664019548,0.9076791158536586,0.9338217607993026,0.22436951754385964,9822.0,10496.0,1.0,0.1,0.2,1.0,0.9609075793012994
edge_extraction,kodak24,kodim05,50,noisy,0.7245732825504303,0.9440739329268293,0.81988660299947,0.32387609649122806,14178.0,10496.0,1.0,0.1,0.2,1.0,0.9102734419298809
edge_extraction,kodak24,kodim05,50,tv_maxiter,0.7627677100494233,0.913109756097561,0.8311951819289366,0.29118695175438597,12747.0,10496.0,1.0,0.1,0.2,1.0,0.9146759499105976
edge_extraction,kodak24,kodim05,50,tv_fixedk_val,0.7627797408716137,0.9127286585365854,0.8310443921266387,0.2909128289473684,12735.0,10496.0,1.0,0.1,0.2,1.0,0.9145573721923804
edge_extraction,kodak24,kodim05,50,tv_discrepancy,0.7627677100494233,0.913109756097561,0.8311951819289366,0.29118695175438597,12747.0,10496.0,1.0,0.1,0.2,1.0,0.9146759499105976
edge_extraction,kodak24,kodim05,50,tv_chambolle_val,0.9343397599126956,0.5141006097560976,0.6632577361818773,0.125593932748538,5498.0,10496.0,1.0,0.1,0.2,1.0,0.74354478380459
edge_extraction,kodak24,kodim05,50,ectv,0.7627677100494233,0.913109756097561,0.8311951819289366,0.29118695175438597,12747.0,10496.0,1.0,0.1,0.2,1.0,0.9146759499105976
edge_extraction,kodak24,kodim05,50,ectv_fidelity,0.950720512364348,0.5316310975609756,0.68193347121936,0.12840369152046785,5621.0,10496.0,1.0,0.1,0.2,1.0,0.7530995872177463
edge_extraction,kodak24,kodim05,50,bilateral_val,0.7875807811182917,0.5425876524390244,0.6425225503062633,0.16260051169590642,7118.0,10496.0,1.0,0.1,0.2,1.0,0.7490182979098099
edge_extraction,kodak24,kodim05,50,pm_diff_val,0.8460139111824505,0.7788681402439024,0.8110536774588911,0.21347313596491227,9345.0,10496.0,1.0,0.1,0.2,1.0,0.9031795347771974
edge_extraction,kodak24,kodim05,50,wavelet_bayes,0.8180725787070415,0.6698742378048781,0.7365931887472951,0.19010416666666666,8322.0,10496.0,1.0,0.1,0.2,1.0,0.8650438239384007
edge_extraction,kodak24,kodim05,50,nlm,0.9469964664310954,0.4602705792682927,0.6194625440868533,0.10990040204678363,4811.0,10496.0,1.0,0.1,0.2,1.0,0.6833711334381101
edge_extraction,kodak24,kodim05,50,bm3d,0.9400749063670412,0.6995045731707317,0.8021406761106552,0.17077850877192982,7476.0,10496.0,1.0,0.1,0.2,1.0,0.8628496802972048
edge_extraction,kodak24,kodim05,50,fdncnn_color,0.9394054878048781,0.7270388719512195,0.8196905011078868,0.17982456140350878,7872.0,10496.0,1.0,0.1,0.2,1.0,0.8753980894330807
edge_extraction,kodak24,kodim05,50,ectv_fdncnn,0.9394054878048781,0.7270388719512195,0.8196905011078868,0.17982456140350878,7872.0,10496.0,1.0,0.1,0.2,1.0,0.8753980894330807
