task,dataset,image,sigma255,seed,method,psnr,ssim,grad_corr,grad_mae,tv_input,tv_output,iterations,runtime,budget,removed,p,gamma,lambda,alpha,eta,accepted
synthetic_image,kodak24,kodim01,25.0,0,noisy,20.23713313567132,0.4939862787723541,0.9113965630531312,0.0378751195967197,0.3574408888816833,0.3574408888816833,0,0.0,0.0,0.0,0.0,,,,,
synthetic_image,kodak24,kodim01,25.0,0,fdncnn_color,29.98426532598494,0.8668355345726013,0.9678882360458374,0.0175042748451232,0.3574408888816833,0.0999395474791526,0,1.1472281999995175,,,0.0,,,,,
synthetic_image,kodak24,kodim01,25.0,0,ectv_fdncnn,29.98426532598494,0.8668355345726013,0.9678882360458374,0.0175042748451232,0.3574408888816833,0.0999395474791526,0,1.149445499999274,0.333308650746332,0.2575013414025306,0.6839397205857212,0.32,,0.3333333333333333,1.0,1.0
synthetic_image,kodak24,kodim02,25.0,0,noisy,20.54486705473801,0.2433896213769912,0.7176505923271179,0.0445957891643047,0.3187473118305206,0.3187473118305206,0,0.0,0.0,0.0,0.0,,,,,
synthetic_image,kodak24,kodim02,25.0,0,fdncnn_color,32.90700791075966,0.8499262928962708,0.9405280947685242,0.0089980959892272,0.3187473118305206,0.0324414744973182,0,1.1612638999995395,,,0.0,,,,,
synthetic_image,kodak24,kodim02,25.0,0,ectv_fdncnn,32.90700791075966,0.8499262928962708,0.9405280947685242,0.0089980959892272,0.3187473118305206,0.0324414744973182,0,1.1632831999995688,0.333308650746332,0.2863058373332023,0.6839397205857212,0.32,,0.3333333333333333,1.0,1.0
synthetic_image,kodak24,kodim03,25.0,0,noisy,20.34299691502423,0.2831827402114868,0.785407304763794,0.0441401861608028,0.3265019357204437,0.3265019357204437,0,0.0,0.0,0.0,0.0,,,,,
synthetic_image,kodak24,kodim03,25.0,0,fdncnn_color,33.74246241070513,0.9090848565101624,0.9670681357383728,0.0094848256558179,0.3265019357204437,0.0365758128464221,0,1.1583699000002523,,,0.0,,,,,
synthetic_image,kodak24,kodim03,25.0,0,ectv_fdncnn,33.74246241070513,0.9090848565101624,0.9670681357383728,0.0094848256558179,0.3265019357204437,0.0365758128464221,0,1.160326999999597,0.333308650746332,0.2899261228740215,0.6839397205857212,0.32,,0.3333333333333333,1.0,1.0
synthetic_image,kodak24,kodim04,25.0,0,noisy,20.31404746302467,0.3271660804748535,0.8350663781166077,0.0401672162115573,0.3333169519901275,0.3333169519901275,0,0.0,0.0,0.0,0.0,,,,,
synthetic_image,kodak24,kodim04,25.0,0,fdncnn_color,32.25404182579637,0.8648397326469421,0.9629262089729308,0.0115960370749235,0.3333169519901275,0.048906322568655,0,1.166472099999737,,,0.0,,,,,
synthetic_image,kodak24,kodim04,25.0,0,ectv_fdncnn,32.25404182579637,0.8648397326469421,0.9629262089729308,0.0115960370749235,0.3333169519901275,0.048906322568655,0,1.168532599998798,0.333308650746332,0.2844106294214725,0.6839397205857212,0.32,,0.3333333333333333,1.0,1.0
synthetic_image,kodak24,kodim05,25.0,0,noisy,20.406272624175745,0.627474844455719,0.9456291198730468,0.0351944677531719,0.3711698949337005,0.3711698949337005,0,0.0,0.0,0.0,0.0,,,,,
synthetic_image,kodak24,kodim05,25.0,0,fdncnn_color,28.31034769269645,0.8880875110626221,0.976771593093872,0.0206744857132434,0.3711698949337005,0.1336337924003601,0,1.1660140000003594,,,0.0,,,,,
synthetic_image,kodak24,kodim05,25.0,0,ectv_fdncnn,28.31034769269645,0.8880875110626221,0.976771593093872,0.0206744857132434,0.3711698949337005,0.1336337924003601,0,1.168128200000865,0.333308650746332,0.2375361025333404,0.6839397205857212,0.32,,0.3333333333333333,1.0,1.0
synthetic_image,kodak24,kodim06,25.0,0,noisy,20.379520556179337,0.3423655927181244,0.8727362155914307,0.0385643988847732,0.3347497880458832,0.3347497880458832,0,0.0,0.0,0.0,0.0,,,,,
synthetic_image,kodak24,kodim06,25.0,0,fdncnn_color,30.78690827443935,0.842510461807251,0.9650829434394836,0.0142357209697365,0.3347497880458832,0.0616419427096843,0,1.1839734999994107,,,0.0,,,,,
synthetic_image,kodak24,kodim06,25.0,0,ectv_fdncnn,30.78690827443935,0.842510461807251,0.9650829434394836,0.0142357209697365,0.3347497880458832,0.0616419427096843,0,1.1859190999985003,0.333308650746332,0.2731078453361988,0.6839397205857212,0.32,,0.3333333333333333,1.0,1.0
synthetic_image,kodak24,kodim07,25.0,0,noisy,20.26888598129389,0.4495124816894531,0.877988874912262,0.041043572127819,0.3469018936157226,0.3469018936157226,0,0.0,0.0,0.0,0.0,,,,,
synthetic_image,kodak24,kodim07,25.0,0,fdncnn_color,31.118399057201827,0.9216473698616028,0.9699862003326416,0.0136610446497797,0.3469018936157226,0.0843571797013282,0,1.1809092000003147,,,0.0,,,,,
synthetic_image,kodak24,kodim07,25.0,0,ectv_fdncnn,31.118399057201827,0.9216473698616028,0.9699862003326416,0.0136610446497797,0.3469018936157226,0.0843571797013282,0,1.1829835000007731,0.333308650746332,0.2625447139143944,0.6839397205857212,0.32,,0.3333333333333333,1.0,1.0
synthetic_image,kodak24,kodim08,25.0,0,noisy,20.340010462457023,0.6444599628448486,0.9581725001335144,0.0363700091838836,0.3905345499515533,0.3905345499515533,0,0.0,0.0,0.0,0.0,,,,,
synthetic_image,kodak24,kodim08,25.0,0,fdncnn_color,29.177748897883223,0.9238758087158204,0.9862439036369324,0.0187795832753181,0.3905345499515533,0.1635815054178238,0,1.3897114999999758,,,0.0,,,,,
synthetic_image,kodak24,kodim08,25.0,0,ectv_fdncnn,29.177748897883223,0.9238758087158204,0.9862439036369324,0.0187795832753181,0.3905345499515533,0.1635815054178238,0,1.392194300000483,0.333308650746332,0.2269530445337295,0.6839397205857212,0.32,,0.3333333333333333,1.0,1.0
synthetic_image,kodak24,kodim09,25.0,0,noisy,20.19217616596625,0.3144519329071045,0.836405336856842,0.0442250370979309,0.341338962316513,0.341338962316513,0,0.0,0.0,0.0,0.0,,,,,
synthetic_image,kodak24,kodim09,25.0,0,fdncnn_color,33.10515221509068,0.9275217056274414,0.9755696654319764,0.0100424196571111,0.341338962316513,0.0546866953372955,0,1.2018038999995042,,,0.0,,,,,
synthetic_image,kodak24,kodim09,25.0,0,ectv_fdncnn,33.10515221509068,0.9275217056274414,0.9755696654319764,0.0100424196571111,0.341338962316513,0.0546866953372955,0,1.2049398999988623,0.333308650746332,0.2866522669792175,0.6839397205857212,0.32,,0.3333333333333333,1.0,1.0
synthetic_image,kodak24,kodim10,25.0,0,noisy,20.21060717021069,0.3276374638080597,0.8382998108863831,0.0420861095190048,0.3377695679664612,0.3377695679664612,0,0.0,0.0,0.0,0.0,,,,,
synthetic_image,kodak24,kodim10,25.0,0,fdncnn_color,32.30162886562684,0.8987066149711609,0.9654423594474792,0.0124033978208899,0.3377695679664612,0.0518216863274574,0,1.175218500000483,,,0.0,,,,,
synthetic_image,kodak24,kodim10,25.0,0,ectv_fdncnn,32.30162886562684,0.8987066149711609,0.9654423594474792,0.0124033978208899,0.3377695679664612,0.0518216863274574,0,1.1773722000016278,0.333308650746332,0.2859478816390037,0.6839397205857212,0.32,,0.3333333333333333,1.0,1.0
synthetic_image,kodak24,kodim11,25.0,0,noisy,20.38691477138262,0.3850190937519073,0.8680717349052429,0.0397998392581939,0.3348336815834045,0.3348336815834045,0,0.0,0.0,0.0,0.0,,,,,
synthetic_image,kodak24,kodim11,25.0,0,fdncnn_color,31.2871456561912,0.8666837811470032,0.9675964117050172,0.0137048056349158,0.3348336815834045,0.0608394257724285,0,1.1959595999996964,,,0.0,,,,,
synthetic_image,kodak24,kodim11,25.0,0,ectv_fdncnn,31.2871456561912,0.8666837811470032,0.9675964117050172,0.0137048056349158,0.3348336815834045,0.0608394257724285,0,1.1979991999996855,0.333308650746332,0.273994255810976,0.6839397205857212,0.32,,0.3333333333333333,1.0,1.0
synthetic_image,kodak24,kodim12,25.0,0,noisy,20.287299931849287,0.2542066276073456,0.8381350040435791,0.0428186170756816,0.3317552208900451,0.3317552208900451,0,0.0,0.0,0.0,0.0,,,,,
synthetic_image,kodak24,kodim12,25.0,0,fdncnn_color,33.34158243216539,0.8789424896240234,0.9758835434913636,0.0104558207094669,0.3317552208900451,0.0398917943239212,0,1.1886326999992889,,,0.0,,,,,
synthetic_image,kodak24,kodim12,25.0,0,ectv_fdncnn,33.34158243216539,0.8789424896240234,0.9758835434913636,0.0104558207094669,0.3317552208900451,0.0398917943239212,0,1.1907691999986127,0.333308650746332,0.2918634265661239,0.6839397205857212,0.32,,0.3333333333333333,1.0,1.0
synthetic_image,kodak24,kodim13,25.0,0,noisy,20.30455495890902,0.5144762992858887,0.9253571629524232,0.0354437232017517,0.3623003959655761,0.3623003959655761,0,0.0,0.0,0.0,0.0,,,,,
synthetic_image,kodak24,kodim13,25.0,0,fdncnn_color,28.45131093298268,0.836804211139679,0.9623399376869202,0.0209932271391153,0.3623003959655761,0.1100309416651725,0,1.191300800001045,,,0.0,,,,,
synthetic_image,kodak24,kodim13,25.0,0,ectv_fdncnn,28.45131093298268,0.836804211139679,0.9623399376869202,0.0209932271391153,0.3623003959655761,0.1100309416651725,0,1.1935730000004696,0.333308650746332,0.2522694543004036,0.6839397205857212,0.32,,0.3333333333333333,1.0,1.0
synthetic_image,kodak24,kodim14,25.0,0,noisy,20.38068130159033,0.4776504933834076,0.9032535552978516,0.0365088135004043,0.3466903269290924,0.3466903269290924,0,0.0,0.0,0.0,0.0,,,,,
synthetic_image,kodak24,kodim14,25.0,0,fdncnn_color,29.448233605693417,0.8590006232261658,0.9616870284080504,0.0175636727362871,0.3466903269290924,0.088402472436428,0,1.2332755000006728,,,0.0,,,,,
synthetic_image,kodak24,kodim14,25.0,0,ectv_fdncnn,29.448233605693417,0.8590006232261658,0.9616870284080504,0.0175636727362871,0.3466903269290924,0.088402472436428,0,1.2356101000004855,0.333308650746332,0.2582878544926643,0.6839397205857212,0.32,,0.3333333333333333,1.0,1.0
synthetic_image,kodak24,kodim15,25.0,0,noisy,20.78336904271712,0.3274954855442047,0.8978620767593384,0.0374905616044998,0.3170394599437713,0.3170394599437713,0,0.0,0.0,0.0,0.0,,,,,
synthetic_image,kodak24,kodim15,25.0,0,fdncnn_color,31.82249234892922,0.9000816941261292,0.9839295148849488,0.010284325107932,0.3170394599437713,0.050084576010704,0,1.199814999999944,,,0.0,,,,,
synthetic_image,kodak24,kodim15,25.0,0,ectv_fdncnn,31.82249234892922,0.9000816941261292,0.9839295148849488,0.010284325107932,0.3170394599437713,0.050084576010704,0,1.2019433000004938,0.333308650746332,0.2669548839330673,0.6839397205857212,0.32,,0.3333333333333333,1.0,1.0
synthetic_image,kodak24,kodim16,25.0,0,noisy,20.243520668414167,0.2719143331050873,0.7926938533782959,0.041103258728981,0.3292142152786255,0.3292142152786255,0,0.0,0.0,0.0,0.0,,,,,
synthetic_image,kodak24,kodim16,25.0,0,fdncnn_color,32.956187581774586,0.8581705093383789,0.936306893825531,0.0120923863723874,0.3292142152786255,0.036106776446104,0,1.2292801999992662,,,0.0,,,,,
synthetic_image,kodak24,kodim16,25.0,0,ectv_fdncnn,32.956187581774586,0.8581705093383789,0.936306893825531,0.0120923863723874,0.3292142152786255,0.036106776446104,0,1.231267499999376,0.333308650746332,0.2931074388325214,0.6839397205857212,0.32,,0.3333333333333333,1.0,1.0
synthetic_image,kodak24,kodim17,25.0,0,noisy,20.590681523853632,0.3991856276988983,0.8787004947662354,0.0366809889674186,0.3247833549976349,0.3247833549976349,0,0.0,0.0,0.0,0.0,,,,,
synthetic_image,kodak24,kodim17,25.0,0,fdncnn_color,31.385544432987565,0.8813161253929138,0.963969886302948,0.0144251827150583,0.3247833549976349,0.0614210814237594,0,1.2085659999993368,,,0.0,,,,,
synthetic_image,kodak24,kodim17,25.0,0,ectv_fdncnn,31.385544432987565,0.8813161253929138,0.963969886302948,0.0144251827150583,0.3247833549976349,0.0614210814237594,0,1.210833499999353,0.333308650746332,0.2633622735738754,0.6839397205857212,0.32,,0.3333333333333333,1.0,1.0
synthetic_image,kodak24,kodim18,25.0,0,noisy,20.4561094079742,0.4210644662380218,0.8845986723899841,0.0376406423747539,0.3397057652473449,0.3397057652473449,0,0.0,0.0,0.0,0.0,,,,,
synthetic_image,kodak24,kodim18,25.0,0,fdncnn_color,29.44378799371688,0.8360360264778137,0.948712170124054,0.0180782377719879,0.3397057652473449,0.0717029273509979,0,1.3670854000010877,,,0.0,,,,,
synthetic_image,kodak24,kodim18,25.0,0,ectv_fdncnn,29.44378799371688,0.8360360264778137,0.948712170124054,0.0180782377719879,0.3397057652473449,0.0717029273509979,0,1.3691474000006565,0.333308650746332,0.268002837896347,0.6839397205857212,0.32,,0.3333333333333333,1.0,1.0
synthetic_image,kodak24,kodim19,25.0,0,noisy,20.26793138335912,0.3540754318237304,0.8786724805831909,0.0405574813485145,0.3461789488792419,0.3461789488792419,0,0.0,0.0,0.0,0.0,,,,,
synthetic_image,kodak24,kodim19,25.0,0,fdncnn_color,31.955956511436785,0.8698620796203613,0.9757922887802124,0.0129169803112745,0.3461789488792419,0.06907369941473,0,1.2394332999992912,,,0.0,,,,,
synthetic_image,kodak24,kodim19,25.0,0,ectv_fdncnn,31.955956511436785,0.8698620796203613,0.9757922887802124,0.0129169803112745,0.3461789488792419,0.06907369941473,0,1.242196999999578,0.333308650746332,0.2771052494645118,0.6839397205857212,0.32,,0.3333333333333333,1.0,1.0
synthetic_image,kodak24,kodim20,25.0,0,noisy,21.389242213722248,0.3517024219036102,0.8895676732063293,0.0350971557199955,0.279439240694046,0.279439240694046,0,0.0,0.0,0.0,0.0,,,,,
synthetic_image,kodak24,kodim20,25.0,0,fdncnn_color,29.914492334948257,0.9308895468711852,0.9812850952148438,0.00858043320477,0.279439240694046,0.0460244007408618,0,1.271242999999231,,,0.0,,,,,
synthetic_image,kodak24,kodim20,25.0,0,ectv_fdncnn,29.914492334948257,0.9308895468711852,0.9812850952148438,0.00858043320477,0.279439240694046,0.0460244007408618,0,1.2738112999995792,0.333308650746332,0.2334148399531841,0.6839397205857212,0.32,,0.3333333333333333,1.0,1.0
synthetic_image,kodak24,kodim21,25.0,0,noisy,20.240751262418527,0.3866927623748779,0.8721193075180054,0.0424216501414775,0.3459122776985168,0.3459122776985168,0,0.0,0.0,0.0,0.0,,,,,
synthetic_image,kodak24,kodim21,25.0,0,fdncnn_color,31.0582180750937,0.9099003672599792,0.9725511074066162,0.0127410180866718,0.3459122776985168,0.070104070007801,0,1.207439699999668,,,0.0,,,,,
synthetic_image,kodak24,kodim21,25.0,0,ectv_fdncnn,31.0582180750937,0.9099003672599792,0.9725511074066162,0.0127410180866718,0.3459122776985168,0.070104070007801,0,1.2099870000001829,0.333308650746332,0.2758082076907158,0.6839397205857212,0.32,,0.3333333333333333,1.0,1.0
synthetic_image,kodak24,kodim22,25.0,0,noisy,20.244717248635588,0.3452346324920654,0.8291034698486328,0.0401342213153839,0.3359944224357605,0.3359944224357605,0,0.0,0.0,0.0,0.0,,,,,
synthetic_image,kodak24,kodim22,25.0,0,fdncnn_color,30.81855996819556,0.8316112160682678,0.9413231611251832,0.0140721257776021,0.3359944224357605,0.0521354079246521,0,1.2023804000000382,,,0.0,,,,,
synthetic_image,kodak24,kodim22,25.0,0,ectv_fdncnn,30.81855996819556,0.8316112160682678,0.9413231611251832,0.0140721257776021,0.3359944224357605,0.0521354079246521,0,1.2048875000000407,0.333308650746332,0.2838590145111084,0.6839397205857212,0.32,,0.3333333333333333,1.0,1.0
synthetic_image,kodak24,kodim23,25.0,0,noisy,20.36068275245688,0.3317787647247314,0.8055645823478699,0.0422110967338085,0.3287602663040161,0.3287602663040161,0,0.0,0.0,0.0,0.0,,,,,
synthetic_image,kodak24,kodim23,25.0,0,fdncnn_color,32.717157201891595,0.9091816544532776,0.9681881070137024,0.0093144904822111,0.3287602663040161,0.0491313934326171,0,1.1827711000005363,,,0.0,,,,,
synthetic_image,kodak24,kodim23,25.0,0,ectv_fdncnn,32.717157201891595,0.9091816544532776,0.9681881070137024,0.0093144904822111,0.3287602663040161,0.0491313934326171,0,1.1855213999988337,0.333308650746332,0.2796288728713989,0.6839397205857212,0.32,,0.3333333333333333,1.0,1.0
synthetic_image,kodak24,kodim24,25.0,0,noisy,20.333764988745155,0.4602055847644806,0.8953266143798828,0.0378256626427173,0.3455153405666351,0.3455153405666351,0,0.0,0.0,0.0,0.0,,,,,
synthetic_image,kodak24,kodim24,25.0,0,fdncnn_color,29.672570968306697,0.8713772296905518,0.9646835327148438,0.01655506901443,0.3455153405666351,0.0821043625473976,0,1.2044580999991013,,,0.0,,,,,
synthetic_image,kodak24,kodim24,25.0,0,ectv_fdncnn,29.672570968306697,0.8713772296905518,0.9646835327148438,0.01655506901443,0.3455153405666351,0.0821043625473976,0,1.2072923999985503,0.333308650746332,0.2634109780192375,0.6839397205857212,0.32,,0.3333333333333333,1.0,1.0
synthetic_image,kodak24,kodim01,25.0,0,drunet_color,30.70468489938689,0.8869403004646301,0.9724442528096304,0.0161070600152015,0.3574408888816833,0.0998281985521316,0,0.4179226999985985,,0.2576126903295517,0.0,,,,,
synthetic_image,kodak24,kodim01,25.0,0,ectv_drunet,30.70468489938689,0.8869403004646301,0.9724442528096304,0.0161070600152015,0.3574408888816833,0.0998281985521316,0,0.42534699999851,0.333308650746332,0.2576126903295517,0.6839397205857212,0.32,,0.3333333333333333,1.0,1.0
synthetic_image,kodak24,kodim02,25.0,0,drunet_color,33.67824962470011,0.863166093826294,0.9451610252194405,0.0087550925090909,0.3187473118305206,0.0337616614997386,0,0.3931761000003462,,0.2849856503307819,0.0,,,,,
synthetic_image,kodak24,kodim02,25.0,0,ectv_drunet,33.67824962470011,0.863166093826294,0.9451610252194405,0.0087550925090909,0.3187473118305206,0.0337616614997386,0,0.3994160999991436,0.333308650746332,0.2849856503307819,0.6839397205857212,0.32,,0.3333333333333333,1.0,1.0
synthetic_image,kodak24,kodim03,25.0,0,drunet_color,34.59390998248913,0.9226729273796082,0.973086184564993,0.0084858387708663,0.3265019357204437,0.0373486503958702,0,0.3966497999990679,,0.2891532853245735,0.0,,,,,
synthetic_image,kodak24,kodim03,25.0,0,ectv_drunet,34.59390998248913,0.9226729273796082,0.973086184564993,0.0084858387708663,0.3265019357204437,0.0373486503958702,0,0.4030384999987291,0.333308650746332,0.2891532853245735,0.6839397205857212,0.32,,0.3333333333333333,1.0,1.0
synthetic_image,kodak24,kodim04,25.0,0,drunet_color,33.28745384787163,0.8871338963508606,0.9710091207741904,0.0101639600470662,0.3333169519901275,0.0514710135757923,0,0.4130634000011923,,0.2818459384143352,0.0,,,,,
synthetic_image,kodak24,kodim04,25.0,0,ectv_drunet,33.28745384787163,0.8871338963508606,0.9710091207741904,0.0101639600470662,0.3333169519901275,0.0514710135757923,0,0.4183314000001701,0.333308650746332,0.2818459384143352,0.6839397205857212,0.32,,0.3333333333333333,1.0,1.0
synthetic_image,kodak24,kodim05,25.0,0,drunet_color,28.81716754365315,0.8973280787467957,0.9782820864171872,0.0198129173368215,0.3711698949337005,0.1341451406478881,0,0.3871163000003434,,0.2370247542858123,0.0,,,,,
synthetic_image,kodak24,kodim05,25.0,0,ectv_drunet,28.81716754365315,0.8973280787467957,0.9782820864171872,0.0198129173368215,0.3711698949337005,0.1341451406478881,0,0.3933992000002035,0.333308650746332,0.2370247542858123,0.6839397205857212,0.32,,0.3333333333333333,1.0,1.0
synthetic_image,kodak24,kodim06,25.0,0,drunet_color,31.23750877533777,0.8582876324653625,0.968261342285304,0.0134250167757272,0.3347497880458832,0.0633789896965026,0,0.3932817999993858,,0.2713707983493805,0.0,,,,,
synthetic_image,kodak24,kodim06,25.0,0,ectv_drunet,31.23750877533777,0.8582876324653625,0.968261342285304,0.0134250167757272,0.3347497880458832,0.0633789896965026,0,0.3999733999989985,0.333308650746332,0.2713707983493805,0.6839397205857212,0.32,,0.3333333333333333,1.0,1.0
synthetic_image,kodak24,kodim07,25.0,0,drunet_color,32.08126825860159,0.940473973751068,0.9753364755403028,0.0120532317087054,0.3469018936157226,0.0837548449635505,0,0.3949500000016996,,0.2631470486521721,0.0,,,,,
synthetic_image,kodak24,kodim07,25.0,0,ectv_drunet,32.08126825860159,0.940473973751068,0.9753364755403028,0.0120532317087054,0.3469018936157226,0.0837548449635505,0,0.4034811000001355,0.333308650746332,0.2631470486521721,0.6839397205857212,0.32,,0.3333333333333333,1.0,1.0
synthetic_image,kodak24,kodim08,25.0,0,drunet_color,30.061372817820686,0.9336786270141602,0.9881594976537076,0.0172664988785982,0.3905345499515533,0.1635385900735855,0,0.3995733000010659,,0.2269959598779678,0.0,,,,,
synthetic_image,kodak24,kodim08,25.0,0,ectv_drunet,30.061372817820686,0.9336786270141602,0.9881594976537076,0.0172664988785982,0.3905345499515533,0.1635385900735855,0,0.4058552000024065,0.333308650746332,0.2269959598779678,0.6839397205857212,0.32,,0.3333333333333333,1.0,1.0
synthetic_image,kodak24,kodim09,25.0,0,drunet_color,33.88398612888658,0.9375837445259094,0.9791061503836592,0.0090681733563542,0.341338962316513,0.0542331263422966,0,0.388498399999662,,0.2871058359742164,0.0,,,,,
synthetic_image,kodak24,kodim09,25.0,0,ectv_drunet,33.88398612888658,0.9375837445259094,0.9791061503836592,0.0090681733563542,0.341338962316513,0.0542331263422966,0,0.3937640999993164,0.333308650746332,0.2871058359742164,0.6839397205857212,0.32,,0.3333333333333333,1.0,1.0
synthetic_image,kodak24,kodim10,25.0,0,drunet_color,33.22255754659723,0.9203984141349792,0.97258755974878,0.0107393935322761,0.3377695679664612,0.0523490086197853,0,0.3921431999988272,,0.2854205593466759,0.0,,,,,
synthetic_image,kodak24,kodim10,25.0,0,ectv_drunet,33.22255754659723,0.9203984141349792,0.97258755974878,0.0107393935322761,0.3377695679664612,0.0523490086197853,0,0.3974312999980611,0.333308650746332,0.2854205593466759,0.6839397205857212,0.32,,0.3333333333333333,1.0,1.0
synthetic_image,kodak24,kodim11,25.0,0,drunet_color,31.82950796282888,0.8809397220611572,0.9707953103261594,0.0127354618161916,0.3348336815834045,0.0621809475123882,0,0.3937177000007068,,0.2726527340710163,0.0,,,,,
synthetic_image,kodak24,kodim11,25.0,0,ectv_drunet,31.82950796282888,0.8809397220611572,0.9707953103261594,0.0127354618161916,0.3348336815834045,0.0621809475123882,0,0.4001327999994828,0.333308650746332,0.2726527340710163,0.6839397205857212,0.32,,0.3333333333333333,1.0,1.0
synthetic_image,kodak24,kodim12,25.0,0,drunet_color,34.09726438701069,0.8916274905204773,0.9791442217482133,0.0097139840945601,0.3317552208900451,0.0397787764668464,0,0.3888492000005499,,0.2919764444231987,0.0,,,,,
synthetic_image,kodak24,kodim12,25.0,0,ectv_drunet,34.09726438701069,0.8916274905204773,0.9791442217482133,0.0097139840945601,0.3317552208900451,0.0397787764668464,0,0.3950872000004892,0.333308650746332,0.2919764444231987,0.6839397205857212,0.32,,0.3333333333333333,1.0,1.0
synthetic_image,kodak24,kodim13,25.0,0,drunet_color,28.775130553204868,0.8460330963134766,0.964590453123851,0.020251490175724,0.3623003959655761,0.1094032451510429,0,0.3977185000003373,,0.2528971508145332,0.0,,,,,
synthetic_image,kodak24,kodim13,25.0,0,ectv_drunet,28.775130553204868,0.8460330963134766,0.964590453123851,0.020251490175724,0.3623003959655761,0.1094032451510429,0,0.4059624999990774,0.333308650746332,0.2528971508145332,0.6839397205857212,0.32,,0.3333333333333333,1.0,1.0
synthetic_image,kodak24,kodim14,25.0,0,drunet_color,29.89522440929184,0.8680219650268555,0.9643869070091804,0.0169538389891386,0.3466903269290924,0.088519349694252,0,0.3977370000011433,,0.2581709772348404,0.0,,,,,
synthetic_image,kodak24,kodim14,25.0,0,ectv_drunet,29.89522440929184,0.8680219650268555,0.9643869070091804,0.0169538389891386,0.3466903269290924,0.088519349694252,0,0.4040702000020246,0.333308650746332,0.2581709772348404,0.6839397205857212,0.32,,0.3333333333333333,1.0,1.0
synthetic_image,kodak24,kodim15,25.0,0,drunet_color,32.438546933514374,0.9122188687324524,0.9857677285688632,0.0096076875925064,0.3170394599437713,0.0509304478764534,0,0.39440839999952,,0.2661090120673179,0.0,,,,,
synthetic_image,kodak24,kodim15,25.0,0,ectv_drunet,32.438546933514374,0.9122188687324524,0.9857677285688632,0.0096076875925064,0.3170394599437713,0.0509304478764534,0,0.4007782000007864,0.333308650746332,0.2661090120673179,0.6839397205857212,0.32,,0.3333333333333333,1.0,1.0
synthetic_image,kodak24,kodim16,25.0,0,drunet_color,33.60867596705536,0.8755711913108826,0.9427217331259522,0.0113639468327164,0.3292142152786255,0.0379563756287097,0,0.3934819000005518,,0.2912578396499157,0.0,,,,,
synthetic_image,kodak24,kodim16,25.0,0,ectv_drunet,33.60867596705536,0.8755711913108826,0.9427217331259522,0.0113639468327164,0.3292142152786255,0.0379563756287097,0,0.4001768000016454,0.333308650746332,0.2912578396499157,0.6839397205857212,0.32,,0.3333333333333333,1.0,1.0
synthetic_image,kodak24,kodim17,25.0,0,drunet_color,31.77711009401071,0.8881791234016418,0.96601445486176,0.0139663079753518,0.3247833549976349,0.0612673908472061,0,0.4000032000003557,,0.2635159641504287,0.0,,,,,
synthetic_image,kodak24,kodim17,25.0,0,ectv_drunet,31.77711009401071,0.8881791234016418,0.96601445486176,0.0139663079753518,0.3247833549976349,0.0612673908472061,0,0.4056750000017928,0.333308650746332,0.2635159641504287,0.6839397205857212,0.32,,0.3333333333333333,1.0,1.0
synthetic_image,kodak24,kodim18,25.0,0,drunet_color,29.7938838873452,0.8465049862861633,0.9514414700941046,0.0175320692360401,0.3397057652473449,0.0713119730353355,0,0.4030163000006723,,0.2683937922120094,0.0,,,,,
synthetic_image,kodak24,kodim18,25.0,0,ectv_drunet,29.7938838873452,0.8465049862861633,0.9514414700941046,0.0175320692360401,0.3397057652473449,0.0713119730353355,0,0.4083394000008411,0.333308650746332,0.2683937922120094,0.6839397205857212,0.32,,0.3333333333333333,1.0,1.0
synthetic_image,kodak24,kodim19,25.0,0,drunet_color,32.75644855019304,0.8858512043952942,0.9786355193560194,0.0121200047433376,0.3461789488792419,0.07003203779459,0,0.4005624000001262,,0.2761469110846519,0.0,,,,,
synthetic_image,kodak24,kodim19,25.0,0,ectv_drunet,32.75644855019304,0.8858512043952942,0.9786355193560194,0.0121200047433376,0.3461789488792419,0.07003203779459,0,0.4077885000006063,0.333308650746332,0.2761469110846519,0.6839397205857212,0.32,,0.3333333333333333,1.0,1.0
synthetic_image,kodak24,kodim20,25.0,0,drunet_color,30.19099834679464,0.9368436336517334,0.983551917472185,0.0079286014661192,0.279439240694046,0.0461179129779338,0,0.411496900000202,,0.2333213277161121,0.0,,,,,
synthetic_image,kodak24,kodim20,25.0,0,ectv_drunet,30.19099834679464,0.9368436336517334,0.983551917472185,0.0079286014661192,0.279439240694046,0.0461179129779338,0,0.4178083999995579,0.333308650746332,0.2333213277161121,0.6839397205857212,0.32,,0.3333333333333333,1.0,1.0
synthetic_image,kodak24,kodim21,25.0,0,drunet_color,31.39266115289617,0.91523414850235,0.9733032181222652,0.0125218285247683,0.3459122776985168,0.0693000853061676,0,0.396450599999298,,0.2766121923923492,0.0,,,,,
synthetic_image,kodak24,kodim21,25.0,0,ectv_drunet,31.39266115289617,0.91523414850235,0.9733032181222652,0.0125218285247683,0.3459122776985168,0.0693000853061676,0,0.4045887999982369,0.333308650746332,0.2766121923923492,0.6839397205857212,0.32,,0.3333333333333333,1.0,1.0
synthetic_image,kodak24,kodim22,25.0,0,drunet_color,31.357076492439795,0.8477895259857178,0.9485410560987104,0.0131793608888983,0.3359944224357605,0.0531821101903915,0,0.3966663999999582,,0.2828123122453689,0.0,,,,,
synthetic_image,kodak24,kodim22,25.0,0,ectv_drunet,31.357076492439795,0.8477895259857178,0.9485410560987104,0.0131793608888983,0.3359944224357605,0.0531821101903915,0,0.4033597000016016,0.333308650746332,0.2828123122453689,0.6839397205857212,0.32,,0.3333333333333333,1.0,1.0
synthetic_image,kodak24,kodim23,25.0,0,drunet_color,33.33580377519023,0.9218270182609558,0.9716496298272184,0.0086064646020531,0.3287602663040161,0.049997478723526,0,0.40269360000093,,0.2787627875804901,0.0,,,,,
synthetic_image,kodak24,kodim23,25.0,0,ectv_drunet,33.33580377519023,0.9218270182609558,0.9716496298272184,0.0086064646020531,0.3287602663040161,0.049997478723526,0,0.4092289000018354,0.333308650746332,0.2787627875804901,0.6839397205857212,0.32,,0.3333333333333333,1.0,1.0
synthetic_image,kodak24,kodim24,25.0,0,drunet_color,30.271748161980064,0.8854431509971619,0.967878798230478,0.0156168267130851,0.3455153405666351,0.0831998959183693,0,0.3985397999986162,,0.2623154446482658,0.0,,,,,
synthetic_image,kodak24,kodim24,25.0,0,ectv_drunet,30.271748161980064,0.8854431509971619,0.967878798230478,0.0156168267130851,0.3455153405666351,0.0831998959183693,0,0.4051673999983904,0.333308650746332,0.2623154446482658,0.6839397205857212,0.32,,0.3333333333333333,1.0,1.0
synthetic_image,kodak24,kodim01,25.0,0,swinir_color,30.831743358559404,0.8893260955810547,0.9732948860282172,0.015872888267040253,0.35744088888168335,0.10105759650468826,0,9.578118099998392,,0.2563832923769951,0.0,,,,,
synthetic_image,kodak24,kodim01,25.0,0,ectv_swinir,30.831743358559404,0.8893260955810547,0.9732948860282172,0.015872888267040253,0.35744088888168335,0.10105759650468826,0,9.586487699998543,0.33330865074633204,0.2563832923769951,0.6839397205857212,0.32,,0.3333333333333333,1.0,1.0
synthetic_image,kodak24,kodim02,25.0,0,swinir_color,33.8213800402721,0.8663039803504944,0.948509498774925,0.008462698198854923,0.31874731183052063,0.035039596259593964,0,10.496738699999696,,0.28370771557092667,0.0,,,,,
synthetic_image,kodak24,kodim02,25.0,0,ectv_swinir,33.8213800402721,0.8663039803504944,0.948509498774925,0.008462698198854923,0.31874731183052063,0.035039596259593964,0,10.513230500000645,0.33330865074633204,0.28370771557092667,0.6839397205857212,0.32,,0.3333333333333333,1.0,1.0
synthetic_image,kodak24,kodim03,25.0,0,swinir_color,34.7276133701249,0.9237110614776611,0.9740285404929592,0.008402940817177296,0.3265019357204437,0.0377301350235939,0,10.956980299997667,,0.2887718006968498,0.0,,,,,
synthetic_image,kodak24,kodim03,25.0,0,ectv_swinir,34.7276133701249,0.9237110614776611,0.9740285404929592,0.008402940817177296,0.3265019357204437,0.0377301350235939,0,10.964593699998659,0.33330865074633204,0.2887718006968498,0.6839397205857212,0.32,,0.3333333333333333,1.0,1.0
synthetic_image,kodak24,kodim04,25.0,0,swinir_color,33.53779528640688,0.8923483490943909,0.9731706156049735,0.009861603379249573,0.33331695199012756,0.05270177870988846,0,10.689272899999196,,0.2806151732802391,0.0,,,,,
synthetic_image,kodak24,kodim04,25.0,0,ectv_swinir,33.53779528640688,0.8923483490943909,0.9731706156049735,0.009861603379249573,0.33331695199012756,0.05270177870988846,0,10.694993199998862,0.33330865074633204,0.2806151732802391,0.6839397205857212,0.32,,0.3333333333333333,1.0,1.0
synthetic_image,kodak24,kodim05,25.0,0,swinir_color,29.014705047847013,0.9012163281440735,0.9791361344069528,0.01938457041978836,0.37116989493370056,0.13593325018882751,0,11.050913600000058,,0.23523664474487305,0.0,,,,,
synthetic_image,kodak24,kodim05,25.0,0,ectv_swinir,29.014705047847013,0.9012163281440735,0.9791361344069528,0.01938457041978836,0.37116989493370056,0.13593325018882751,0,11.065002699997422,0.33330865074633204,0.23523664474487305,0.6839397205857212,0.32,,0.3333333333333333,1.0,1.0
synthetic_image,kodak24,kodim06,25.0,0,swinir_color,31.302367463539102,0.8597562313079834,0.9689969671112173,0.013297499157488346,0.3347497880458832,0.06478172540664673,0,11.818697900002007,,0.26996806263923645,0.0,,,,,
synthetic_image,kodak24,kodim06,25.0,0,ectv_swinir,31.302367463539102,0.8597562313079834,0.9689969671112173,0.013297499157488346,0.3347497880458832,0.06478172540664673,0,11.831475500002853,0.33330865074633204,0.26996806263923645,0.6839397205857212,0.32,,0.3333333333333333,1.0,1.0
synthetic_image,kodak24,kodim07,25.0,0,swinir_color,32.30462056971193,0.9422306418418884,0.9766311596395505,0.011744143441319466,0.34690189361572266,0.08460079878568649,0,12.940831200001412,,0.26230109483003616,0.0,,,,,
synthetic_image,kodak24,kodim07,25.0,0,ectv_swinir,32.30462056971193,0.9422306418418884,0.9766311596395505,0.011744143441319466,0.34690189361572266,0.08460079878568649,0,12.948703800000658,0.33330865074633204,0.26230109483003616,0.6839397205857212,0.32,,0.3333333333333333,1.0,1.0
synthetic_image,kodak24,kodim08,25.0,0,swinir_color,30.32737237477752,0.9359946250915527,0.9888003314485726,0.016832977533340454,0.39053454995155334,0.16472017765045166,0,12.376668400000199,,0.22581437230110168,0.0,,,,,
synthetic_image,kodak24,kodim08,25.0,0,ectv_swinir,30.32737237477752,0.9359946250915527,0.9888003314485726,0.016832977533340454,0.39053454995155334,0.16472017765045166,0,12.38805019999927,0.33330865074633204,0.22581437230110168,0.6839397205857212,0.32,,0.3333333333333333,1.0,1.0
synthetic_image,kodak24,kodim09,25.0,0,swinir_color,33.94801772736655,0.9378182291984558,0.9795963946432994,0.009013524278998375,0.34133896231651306,0.054522838443517685,0,11.206211000000621,,0.2868161238729954,0.0,,,,,
synthetic_image,kodak24,kodim09,25.0,0,ectv_swinir,33.94801772736655,0.9378182291984558,0.9795963946432994,0.009013524278998375,0.34133896231651306,0.054522838443517685,0,11.217204300002777,0.33330865074633204,0.2868161238729954,0.6839397205857212,0.32,,0.3333333333333333,1.0,1.0
synthetic_image,kodak24,kodim10,25.0,0,swinir_color,33.37666697491273,0.9211599230766296,0.9733104082816924,0.010657968930900097,0.3377695679664612,0.052841756492853165,0,10.558995600000344,,0.284927811473608,0.0,,,,,
synthetic_image,kodak24,kodim10,25.0,0,ectv_swinir,33.37666697491273,0.9211599230766296,0.9733104082816924,0.010657968930900097,0.3377695679664612,0.052841756492853165,0,10.565324600000167,0.33330865074633204,0.284927811473608,0.6839397205857212,0.32,,0.3333333333333333,1.0,1.0
synthetic_image,kodak24,kodim11,25.0,0,swinir_color,31.91519114410741,0.8819878101348877,0.9719635804802078,0.012459853664040565,0.33483368158340454,0.06335392594337463,0,10.25380099999893,,0.2714797556400299,0.0,,,,,
synthetic_image,kodak24,kodim11,25.0,0,ectv_swinir,31.91519114410741,0.8819878101348877,0.9719635804802078,0.012459853664040565,0.33483368158340454,0.06335392594337463,0,10.2613640999989,0.33330865074633204,0.2714797556400299,0.6839397205857212,0.32,,0.3333333333333333,1.0,1.0
synthetic_image,kodak24,kodim12,25.0,0,swinir_color,34.24885223677361,0.8938199877738953,0.9803613371987931,0.009449925273656845,0.33175522089004517,0.0408523827791214,0,12.226249400002416,,0.29090283811092377,0.0,,,,,
synthetic_image,kodak24,kodim12,25.0,0,ectv_swinir,34.24885223677361,0.8938199877738953,0.9803613371987931,0.009449925273656845,0.33175522089004517,0.0408523827791214,0,12.233129899999767,0.33330865074633204,0.29090283811092377,0.6839397205857212,0.32,,0.3333333333333333,1.0,1.0
synthetic_image,kodak24,kodim13,25.0,0,swinir_color,28.852337683471518,0.84779292345047,0.9654724731146168,0.02001984603703022,0.36230039596557617,0.11065790057182312,0,13.0832330000012,,0.25164249539375305,0.0,,,,,
synthetic_image,kodak24,kodim13,25.0,0,ectv_swinir,28.852337683471518,0.84779292345047,0.9654724731146168,0.02001984603703022,0.36230039596557617,0.11065790057182312,0,13.097483599998668,0.33330865074633204,0.25164249539375305,0.6839397205857212,0.32,,0.3333333333333333,1.0,1.0
synthetic_image,kodak24,kodim14,25.0,0,swinir_color,30.032483061492357,0.8708806037902832,0.965664048865803,0.01665464974939823,0.3466903269290924,0.08966280519962311,0,14.140407000002597,,0.2570275217294693,0.0,,,,,
synthetic_image,kodak24,kodim14,25.0,0,ectv_swinir,30.032483061492357,0.8708806037902832,0.965664048865803,0.01665464974939823,0.3466903269290924,0.08966280519962311,0,14.15216540000256,0.33330865074633204,0.2570275217294693,0.6839397205857212,0.32,,0.3333333333333333,1.0,1.0
synthetic_image,kodak24,kodim15,25.0,0,swinir_color,32.67459431087858,0.9179087281227112,0.9869303733706041,0.00924835167825222,0.31703945994377136,0.05342051386833191,0,11.963703199999145,,0.26361894607543945,0.0,,,,,
synthetic_image,kodak24,kodim15,25.0,0,ectv_swinir,32.67459431087858,0.9179087281227112,0.9869303733706041,0.00924835167825222,0.31703945994377136,0.05342051386833191,0,11.984853699999803,0.33330865074633204,0.26361894607543945,0.6839397205857212,0.32,,0.3333333333333333,1.0,1.0
synthetic_image,kodak24,kodim16,25.0,0,swinir_color,33.613846298772,0.8756244778633118,0.9438298335726647,0.011300191283226013,0.3292142152786255,0.03847431018948555,0,12.943821199998638,,0.29073990508913994,0.0,,,,,
synthetic_image,kodak24,kodim16,25.0,0,ectv_swinir,33.613846298772,0.8756244778633118,0.9438298335726647,0.011300191283226013,0.3292142152786255,0.03847431018948555,0,12.953298000000359,0.33330865074633204,0.29073990508913994,0.6839397205857212,0.32,,0.3333333333333333,1.0,1.0
synthetic_image,kodak24,kodim17,25.0,0,swinir_color,31.825086666950135,0.8895053863525391,0.9667443057023153,0.013818375766277313,0.3247833549976349,0.06182793155312538,0,11.120311999999103,,0.2629554234445095,0.0,,,,,
synthetic_image,kodak24,kodim17,25.0,0,ectv_swinir,31.825086666950135,0.8895053863525391,0.9667443057023153,0.013818375766277313,0.3247833549976349,0.06182793155312538,0,11.127149399999325,0.33330865074633204,0.2629554234445095,0.6839397205857212,0.32,,0.3333333333333333,1.0,1.0
synthetic_image,kodak24,kodim18,25.0,0,swinir_color,29.864427052493898,0.8494997620582581,0.9534363968363416,0.017185160890221596,0.33970576524734497,0.0730135440826416,0,11.002861199998733,,0.26669222116470337,0.0,,,,,
synthetic_image,kodak24,kodim18,25.0,0,ectv_swinir,29.864427052493898,0.8494997620582581,0.9534363968363416,0.017185160890221596,0.33970576524734497,0.0730135440826416,0,11.011028400000214,0.33330865074633204,0.26669222116470337,0.6839397205857212,0.32,,0.3333333333333333,1.0,1.0
synthetic_image,kodak24,kodim19,25.0,0,swinir_color,32.95057543447834,0.8872223496437073,0.979858010846125,0.011796628125011921,0.34617894887924194,0.07062887400388718,0,12.289215200002218,,0.27555007487535477,0.0,,,,,
synthetic_image,kodak24,kodim19,25.0,0,ectv_swinir,32.95057543447834,0.8872223496437073,0.979858010846125,0.011796628125011921,0.34617894887924194,0.07062887400388718,0,12.296492500001477,0.33330865074633204,0.27555007487535477,0.6839397205857212,0.32,,0.3333333333333333,1.0,1.0
synthetic_image,kodak24,kodim20,25.0,0,swinir_color,30.250835732040162,0.937573254108429,0.983988738971202,0.00785776600241661,0.279439240694046,0.04695930704474449,0,12.825703800001065,,0.23247993364930153,0.0,,,,,
synthetic_image,kodak24,kodim20,25.0,0,ectv_swinir,30.250835732040162,0.937573254108429,0.983988738971202,0.00785776600241661,0.279439240694046,0.04695930704474449,0,12.837723200002074,0.33330865074633204,0.23247993364930153,0.6839397205857212,0.32,,0.3333333333333333,1.0,1.0
synthetic_image,kodak24,kodim21,25.0,0,swinir_color,31.494218537909312,0.9170234799385071,0.9744395020229494,0.012259258888661861,0.34591227769851685,0.07078684866428375,0,12.865082799999072,,0.2751254290342331,0.0,,,,,
synthetic_image,kodak24,kodim21,25.0,0,ectv_swinir,31.494218537909312,0.9170234799385071,0.9744395020229494,0.012259258888661861,0.34591227769851685,0.07078684866428375,0,12.877846599996701,0.33330865074633204,0.2751254290342331,0.6839397205857212,0.32,,0.3333333333333333,1.0,1.0
synthetic_image,kodak24,kodim22,25.0,0,swinir_color,31.427727742584956,0.8491743206977844,0.9493014456464873,0.013075258582830429,0.3359944224357605,0.053752150386571884,0,12.375182499999937,,0.2822422720491886,0.0,,,,,
synthetic_image,kodak24,kodim22,25.0,0,ectv_swinir,31.427727742584956,0.8491743206977844,0.9493014456464873,0.013075258582830429,0.3359944224357605,0.053752150386571884,0,12.39316289999988,0.33330865074633204,0.2822422720491886,0.6839397205857212,0.32,,0.3333333333333333,1.0,1.0
synthetic_image,kodak24,kodim23,25.0,0,swinir_color,33.378280573106046,0.9224198460578918,0.9728055908516222,0.008463923819363117,0.3287602663040161,0.05032135173678398,0,11.806785799999489,,0.27843891456723213,0.0,,,,,
synthetic_image,kodak24,kodim23,25.0,0,ectv_swinir,33.378280573106046,0.9224198460578918,0.9728055908516222,0.008463923819363117,0.3287602663040161,0.05032135173678398,0,11.822315600002185,0.33330865074633204,0.27843891456723213,0.6839397205857212,0.32,,0.3333333333333333,1.0,1.0
synthetic_image,kodak24,kodim24,25.0,0,swinir_color,30.396928143721404,0.8875679969787598,0.9686017807383952,0.015447992831468582,0.34551534056663513,0.0844237357378006,0,11.960608500001399,,0.26109160482883453,0.0,,,,,
synthetic_image,kodak24,kodim24,25.0,0,ectv_swinir,30.396928143721404,0.8875679969787598,0.9686017807383952,0.015447992831468582,0.34551534056663513,0.0844237357378006,0,11.9672728000005,0.33330865074633204,0.26109160482883453,0.6839397205857212,0.32,,0.3333333333333333,1.0,1.0
