task,dataset,image,sigma255,seed,method,psnr,ssim,grad_corr,grad_mae,tv_input,tv_output,iterations,runtime,budget,removed,p,temporal_residual_fluctuation,gamma,lambda,alpha,eta,accepted
video_sequence,kodak24_synthetic_sequence,kodim01_frame_00,20,0,noisy,22.143206490340376,0.5784091353416443,0.9338527917861938,0.0301637202501297,0.30306771397590637,0.30306771397590637,0,0.0,0.0,0.0,0.0,0.08808248490095139,,,,,
video_sequence,kodak24_synthetic_sequence,kodim01_frame_00,20,0,ectv,24.192676788758707,0.6577652096748352,0.9432135224342346,0.02512981742620468,0.30306771397590637,0.22861380875110626,2,0.02744370000073104,0.07445392071945282,0.07445390522480011,0.7636462120215243,0.06937038153409958,0.04,,,,
video_sequence,kodak24_synthetic_sequence,kodim01_frame_00,20,0,ectv_fidelity,26.49998187478363,0.6884323954582214,0.9032647609710693,0.034316401928663254,0.30306771397590637,0.04860477149486542,80,0.23293499999999767,0.31619728928517676,0.25446294248104095,0.7636462120215243,0.0480639822781086,0.32,0.12,0.3333333333333333,,
video_sequence,kodak24_synthetic_sequence,kodim01_frame_00,20,0,tv_maxiter,27.704635732576467,0.7773237824440002,0.9480060338973999,0.025371534749865532,0.30306771397590637,0.08103352040052414,21,0.0630302000008669,inf,0.22203419357538223,0.7636462120215243,0.04485173895955086,,,,,
video_sequence,kodak24_synthetic_sequence,kodim01_frame_00,20,0,tv_fixedk_val,27.70425903446195,0.7769403457641602,0.9475801587104797,0.025500567629933357,0.30306771397590637,0.08087048679590225,40,0.11701600000014878,,0.22219722718000412,0.7636462120215243,0.04472934827208519,,,,,
video_sequence,kodak24_synthetic_sequence,kodim01_frame_00,20,0,tv_discrepancy,27.704635732576467,0.7773237824440002,0.9480060338973999,0.025371534749865532,0.30306771397590637,0.08103352040052414,21,0.06930060000013327,,0.22203419357538223,0.7636462120215243,0.04485173895955086,,,,,
video_sequence,kodak24_synthetic_sequence,kodim01_frame_00,20,0,tv_chambolle_val,26.238693991329598,0.6943544745445251,0.9059079885482788,0.03374756500124931,0.30306771397590637,0.06284879148006439,0,0.0151917000002868,,,0.0,0.051212143152952194,,,,,
video_sequence,kodak24_synthetic_sequence,kodim01_frame_00,20,0,gaussian_val,25.13158018025331,0.6929097175598145,0.8825312256813049,0.03367810696363449,0.30306771397590637,0.06365282088518143,0,0.00031969999872671906,,,0.0,0.05934227257966995,,,,,
video_sequence,kodak24_synthetic_sequence,kodim01_frame_00,20,0,median_val,23.2382828418144,0.5152068734169006,0.8042359948158264,0.04040427505970001,0.30306771397590637,0.058556679636240005,0,0.0007284999992407393,,,0.0,0.06795336306095123,,,,,
video_sequence,kodak24_synthetic_sequence,kodim01_frame_00,20,0,bilateral_val,26.42413813458674,0.7357549667358398,0.9403945207595825,0.026803774759173393,0.30306771397590637,0.1135113462805748,0,0.14476900000045134,,,0.0,0.04355308786034584,,,,,
video_sequence,kodak24_synthetic_sequence,kodim01_frame_00,20,0,pm_diff_val,25.726145699223473,0.6868839859962463,0.9027109742164612,0.032987453043460846,0.30306771397590637,0.0577990785241127,5,0.006644600000072387,,,0.0,0.056010328233242035,,,,,
video_sequence,kodak24_synthetic_sequence,kodim01_frame_00,20,0,wavelet_bayes,26.48577878055565,0.7223318219184875,0.9423173666000366,0.02414596825838089,0.30306771397590637,0.13067400455474854,0,0.0034258000014233403,,,0.0,0.05161743238568306,,,,,
video_sequence,kodak24_synthetic_sequence,kodim01_frame_00,20,0,nlm,27.59633118869909,0.719059944152832,0.9162158370018005,0.028267893940210342,0.30306771397590637,0.08305368572473526,0,0.04211899999972957,,,0.0,0.04282386973500252,,,,,
video_sequence,kodak24_synthetic_sequence,kodim01_frame_00,20,0,bm3d,30.89374826832044,0.8895300030708313,0.9735792279243469,0.015641655772924423,0.30306771397590637,0.10600962489843369,0,1.4245181999995111,,,0.0,0.030562851577997208,,,,,
video_sequence,kodak24_synthetic_sequence,kodim01_frame_00,20,0,fdncnn_color,31.16550350837182,0.8964744210243225,0.9763474464416504,0.014824595302343369,0.30306771397590637,0.1076493188738823,0,1.2241522999993322,,,0.0,0.0298819150775671,,,,,
video_sequence,kodak24_synthetic_sequence,kodim01_frame_00,20,0,ectv_fdncnn,31.16550350837182,0.8964744210243225,0.9763474464416504,0.014824595302343369,0.30306771397590637,0.1076493188738823,0,1.2260528999995586,0.31619728928517676,0.19541839510202408,0.7636462120215243,0.0298819150775671,0.32,,0.3333333333333333,1.0,1.0
video_sequence,kodak24_synthetic_sequence,kodim01_frame_01,20,1,noisy,22.165575291201677,0.5795143246650696,0.9352225661277771,0.030132781714200974,0.30192047357559204,0.30192047357559204,0,0.0,0.0,0.0,0.0,0.08808248490095139,,,,,
video_sequence,kodak24_synthetic_sequence,kodim01_frame_01,20,1,ectv,24.231241176727817,0.6593658924102783,0.9445106983184814,0.025053730234503746,0.30192047357559204,0.22746656835079193,2,0.022264900000664056,0.07445392071945282,0.07445390522480011,0.7636462120215243,0.06937038153409958,0.04,,,,
video_sequence,kodak24_synthetic_sequence,kodim01_frame_01,20,1,ectv_fidelity,26.609506918536475,0.6908669471740723,0.9046523571014404,0.034567683935165405,0.30192047357559204,0.048514749854803085,80,0.22410040000067966,0.31619728928517676,0.25340572372078896,0.7636462120215243,0.0480639822781086,0.32,0.12,0.3333333333333333,,
video_sequence,kodak24_synthetic_sequence,kodim01_frame_01,20,1,tv_maxiter,27.80254122953764,0.77951580286026,0.9495897889137268,0.025433044880628586,0.30192047357559204,0.08053543418645859,20,0.058939599999575876,inf,0.22138503938913345,0.7636462120215243,0.04485173895955086,,,,,
video_sequence,kodak24_synthetic_sequence,kodim01_frame_01,20,1,tv_fixedk_val,27.80050672231318,0.7788422703742981,0.9489918351173401,0.025614066049456596,0.30192047357559204,0.0803101658821106,40,0.11882970000078785,,0.22161030769348145,0.7636462120215243,0.04472934827208519,,,,,
video_sequence,kodak24_synthetic_sequence,kodim01_frame_01,20,1,tv_discrepancy,27.80254122953764,0.77951580286026,0.9495897889137268,0.025433044880628586,0.30192047357559204,0.08053543418645859,20,0.05972670000119251,,0.22138503938913345,0.7636462120215243,0.04485173895955086,,,,,
video_sequence,kodak24_synthetic_sequence,kodim01_frame_01,20,1,tv_chambolle_val,26.583356052313754,0.7231613993644714,0.9176596403121948,0.03241724893450737,0.30192047357559204,0.07118479162454605,0,0.007920199999716715,,,0.0,0.051212143152952194,,,,,
video_sequence,kodak24_synthetic_sequence,kodim01_frame_01,20,1,gaussian_val,25.24469544176839,0.6937329173088074,0.8781936764717102,0.03399061784148216,0.30192047357559204,0.06376165896654129,0,0.00037939999856462236,,,0.0,0.05934227257966995,,,,,
video_sequence,kodak24_synthetic_sequence,kodim01_frame_01,20,1,median_val,23.218960099004214,0.5170943737030029,0.7745585441589355,0.04128684476017952,0.30192047357559204,0.05947115272283554,0,0.0006476999988080934,,,0.0,0.06795336306095123,,,,,
video_sequence,kodak24_synthetic_sequence,kodim01_frame_01,20,1,bilateral_val,26.429848808102104,0.7380948662757874,0.9412111639976501,0.026882750913500786,0.30192047357559204,0.11242855340242386,0,0.13390350000008766,,,0.0,0.04355308786034584,,,,,
video_sequence,kodak24_synthetic_sequence,kodim01_frame_01,20,1,pm_diff_val,25.8570136313031,0.6875942349433899,0.904878556728363,0.03328433260321617,0.30192047357559204,0.057832732796669006,5,0.005916800000704825,,,0.0,0.056010328233242035,,,,,
video_sequence,kodak24_synthetic_sequence,kodim01_frame_01,20,1,wavelet_bayes,26.490072188086394,0.7221500277519226,0.9446837306022644,0.023795314133167267,0.30192047357559204,0.12951919436454773,0,0.0034137000002374407,,,0.0,0.05161743238568306,,,,,
video_sequence,kodak24_synthetic_sequence,kodim01_frame_01,20,1,nlm,27.613862137513273,0.72188401222229,0.9168851971626282,0.028420381247997284,0.30192047357559204,0.08091087639331818,0,0.041284799999630195,,,0.0,0.04282386973500252,,,,,
video_sequence,kodak24_synthetic_sequence,kodim01_frame_01,20,1,bm3d,30.9745404025345,0.8898554444313049,0.9745696783065796,0.015508180484175682,0.30192047357559204,0.10443471372127533,0,1.4533842000000732,,,0.0,0.030562851577997208,,,,,
video_sequence,kodak24_synthetic_sequence,kodim01_frame_01,20,1,fdncnn_color,31.227327973871173,0.8966753482818604,0.9767260551452637,0.014863269403576851,0.30192047357559204,0.10672562569379807,0,1.2301047000000835,,,0.0,0.0298819150775671,,,,,
video_sequence,kodak24_synthetic_sequence,kodim01_frame_01,20,1,ectv_fdncnn,31.227327973871173,0.8966753482818604,0.9767260551452637,0.014863269403576851,0.30192047357559204,0.10672562569379807,0,1.2319686999999249,0.31619728928517676,0.19519484788179398,0.7636462120215243,0.0298819150775671,0.32,,0.3333333333333333,1.0,1.0
video_sequence,kodak24_synthetic_sequence,kodim01_frame_02,20,2,noisy,22.158495531257696,0.5806754231452942,0.9357306957244873,0.02996835857629776,0.3007315397262573,0.3007315397262573,0,0.0,0.0,0.0,0.0,0.08808248490095139,,,,,
video_sequence,kodak24_synthetic_sequence,kodim01_frame_02,20,2,ectv,24.223609340624105,0.6604945063591003,0.9448279738426208,0.02504330314695835,0.3007315397262573,0.22627761960029602,2,0.023936699999467237,0.07445392071945282,0.0744539201259613,0.7636462120215243,0.06937038153409958,0.04,,,,
video_sequence,kodak24_synthetic_sequence,kodim01_frame_02,20,2,ectv_fidelity,26.63462893423187,0.6895387172698975,0.9049251675605774,0.03492523729801178,0.3007315397262573,0.047933030873537064,80,0.23407809999844176,0.31619728928517676,0.25279850885272026,0.7636462120215243,0.0480639822781086,0.32,0.12,0.3333333333333333,,
video_sequence,kodak24_synthetic_sequence,kodim01_frame_02,20,2,tv_maxiter,27.8056277908944,0.7790188193321228,0.9490582346916199,0.025784756988286972,0.3007315397262573,0.07948555052280426,20,0.059309899999789195,inf,0.22124598920345306,0.7636462120215243,0.04485173895955086,,,,,
video_sequence,kodak24_synthetic_sequence,kodim01_frame_02,20,2,tv_fixedk_val,27.80320934301635,0.7783260941505432,0.948494017124176,0.025964558124542236,0.3007315397262573,0.07922447472810745,40,0.11847620000116876,,0.22150706499814987,0.7636462120215243,0.04472934827208519,,,,,
video_sequence,kodak24_synthetic_sequence,kodim01_frame_02,20,2,tv_discrepancy,27.8056277908944,0.7790188193321228,0.9490582346916199,0.025784756988286972,0.3007315397262573,0.07948555052280426,20,0.061756099999911385,,0.22124598920345306,0.7636462120215243,0.04485173895955086,,,,,
video_sequence,kodak24_synthetic_sequence,kodim01_frame_02,20,2,tv_chambolle_val,26.430450158128764,0.7003749012947083,0.9144394397735596,0.03311209753155708,0.3007315397262573,0.0628957524895668,0,0.012875300000814605,,,0.0,0.051212143152952194,,,,,
video_sequence,kodak24_synthetic_sequence,kodim01_frame_02,20,2,gaussian_val,25.410375981477735,0.6953668594360352,0.8801739811897278,0.03425544127821922,0.3007315397262573,0.0640273317694664,0,0.0002913000007538358,,,0.0,0.05934227257966995,,,,,
video_sequence,kodak24_synthetic_sequence,kodim01_frame_02,20,2,median_val,23.401577219274614,0.517296314239502,0.7989681363105774,0.04111180827021599,0.3007315397262573,0.05864847078919411,0,0.0006721999998262618,,,0.0,0.06795336306095123,,,,,
video_sequence,kodak24_synthetic_sequence,kodim01_frame_02,20,2,bilateral_val,26.27620156809373,0.7344022393226624,0.9394537210464478,0.027637023478746414,0.3007315397262573,0.11049921810626984,0,0.13478240000040387,,,0.0,0.04355308786034584,,,,,
video_sequence,kodak24_synthetic_sequence,kodim01_frame_02,20,2,pm_diff_val,25.939246243473676,0.6880783438682556,0.9055198431015015,0.0334099680185318,0.3007315397262573,0.05749474838376045,5,0.006221400000868016,,,0.0,0.056010328233242035,,,,,
video_sequence,kodak24_synthetic_sequence,kodim01_frame_02,20,2,wavelet_bayes,26.524298778327385,0.7276229858398438,0.9423853158950806,0.024300076067447662,0.3007315397262573,0.12473302334547043,0,0.003401500000109081,,,0.0,0.05161743238568306,,,,,
video_sequence,kodak24_synthetic_sequence,kodim01_frame_02,20,2,nlm,27.473158246579867,0.7176219820976257,0.9154210686683655,0.029239891096949577,0.3007315397262573,0.07818770408630371,0,0.041807699999480974,,,0.0,0.04282386973500252,,,,,
video_sequence,kodak24_synthetic_sequence,kodim01_frame_02,20,2,bm3d,30.898487144707385,0.8902516961097717,0.9748234748840332,0.01566581055521965,0.3007315397262573,0.10295175015926361,0,1.438744700000825,,,0.0,0.030562851577997208,,,,,
video_sequence,kodak24_synthetic_sequence,kodim01_frame_02,20,2,fdncnn_color,31.195412289267985,0.8972318172454834,0.9771881699562073,0.014919416047632694,0.3007315397262573,0.10451312363147736,0,1.2110440999986167,,,0.0,0.0298819150775671,,,,,
video_sequence,kodak24_synthetic_sequence,kodim01_frame_02,20,2,ectv_fdncnn,31.195412289267985,0.8972318172454834,0.9771881699562073,0.014919416047632694,0.3007315397262573,0.10451312363147736,0,1.213068499999281,0.31619728928517676,0.19621841609477997,0.7636462120215243,0.0298819150775671,0.32,,0.3333333333333333,1.0,1.0
video_sequence,kodak24_synthetic_sequence,kodim01_frame_03,20,3,noisy,22.15833850281006,0.5817695260047913,0.9372664093971252,0.029744641855359077,0.3000444173812866,0.3000444173812866,0,0.0,0.0,0.0,0.0,0.08808248490095139,,,,,
video_sequence,kodak24_synthetic_sequence,kodim01_frame_03,20,3,ectv,24.233108138203484,0.6619893312454224,0.946586012840271,0.024667078629136086,0.3000444173812866,0.2255905121564865,2,0.02501740000116115,0.07445392071945282,0.07445390522480011,0.7636462120215243,0.06937038153409958,0.04,,,,
video_sequence,kodak24_synthetic_sequence,kodim01_frame_03,20,3,ectv_fidelity,26.7750637945434,0.6926578879356384,0.9053632020950317,0.03431112319231033,0.3000444173812866,0.04746096953749657,80,0.23055790000034904,0.31619728928517676,0.25258344784379005,0.7636462120215243,0.0480639822781086,0.32,0.12,0.3333333333333333,,
video_sequence,kodak24_synthetic_sequence,kodim01_frame_03,20,3,tv_maxiter,27.88846000117423,0.7801181674003601,0.949040412902832,0.0253400057554245,0.3000444173812866,0.07846511900424957,20,0.06241510000108974,inf,0.22157929837703705,0.7636462120215243,0.04485173895955086,,,,,
video_sequence,kodak24_synthetic_sequence,kodim01_frame_03,20,3,tv_fixedk_val,27.890784569871407,0.7796945571899414,0.9485270380973816,0.025502268224954605,0.3000444173812866,0.07825470715761185,40,0.11427850000109174,,0.22178971022367477,0.7636462120215243,0.04472934827208519,,,,,
video_sequence,kodak24_synthetic_sequence,kodim01_frame_03,20,3,tv_discrepancy,27.88846000117423,0.7801181674003601,0.949040412902832,0.0253400057554245,0.3000444173812866,0.07846511900424957,20,0.05946609999955399,,0.22157929837703705,0.7636462120215243,0.04485173895955086,,,,,
video_sequence,kodak24_synthetic_sequence,kodim01_frame_03,20,3,tv_chambolle_val,26.378746410949244,0.6769002079963684,0.9072175025939941,0.03406982868909836,0.3000444173812866,0.05219488963484764,0,0.016779699999460718,,,0.0,0.051212143152952194,,,,,
video_sequence,kodak24_synthetic_sequence,kodim01_frame_03,20,3,gaussian_val,25.623915643565525,0.6992467045783997,0.8891843557357788,0.03370194137096405,0.3000444173812866,0.06409906595945358,0,0.00015939999866532162,,,0.0,0.05934227257966995,,,,,
video_sequence,kodak24_synthetic_sequence,kodim01_frame_03,20,3,median_val,23.712300381340864,0.52264803647995,0.8143635392189026,0.04029063135385513,0.3000444173812866,0.05935313552618027,0,0.0005139999993843958,,,0.0,0.06795336306095123,,,,,
video_sequence,kodak24_synthetic_sequence,kodim01_frame_03,20,3,bilateral_val,26.324711639293717,0.7368106842041016,0.9415127635002136,0.02710900455713272,0.3000444173812866,0.10961027443408966,0,0.14523670000016864,,,0.0,0.04355308786034584,,,,,
video_sequence,kodak24_synthetic_sequence,kodim01_frame_03,20,3,pm_diff_val,26.12089818513171,0.6911826729774475,0.9100269675254822,0.03287314623594284,0.3000444173812866,0.05712078511714935,5,0.005893400000786642,,,0.0,0.056010328233242035,,,,,
video_sequence,kodak24_synthetic_sequence,kodim01_frame_03,20,3,wavelet_bayes,26.533407859309335,0.7263042330741882,0.9430515170097351,0.023975197225809097,0.3000444173812866,0.12323742359876633,0,0.0033607000004849397,,,0.0,0.05161743238568306,,,,,
video_sequence,kodak24_synthetic_sequence,kodim01_frame_03,20,3,nlm,27.4593140217984,0.718174397945404,0.9147915244102478,0.02910740114748478,0.3000444173812866,0.07559187710285187,0,0.043916900000112946,,,0.0,0.04282386973500252,,,,,
video_sequence,kodak24_synthetic_sequence,kodim01_frame_03,20,3,bm3d,30.82644956717216,0.8875646591186523,0.9724880456924438,0.01608136296272278,0.3000444173812866,0.10073831677436829,0,1.4346139000008407,,,0.0,0.030562851577997208,,,,,
video_sequence,kodak24_synthetic_sequence,kodim01_frame_03,20,3,fdncnn_color,31.11184698390684,0.8950690627098083,0.9755532741546631,0.015242572873830795,0.3000444173812866,0.10236665606498718,0,1.229524099999253,,,0.0,0.0298819150775671,,,,,
video_sequence,kodak24_synthetic_sequence,kodim01_frame_03,20,3,ectv_fdncnn,31.11184698390684,0.8950690627098083,0.9755532741546631,0.015242572873830795,0.3000444173812866,0.10236665606498718,0,1.231408999999985,0.31619728928517676,0.19767776131629944,0.7636462120215243,0.0298819150775671,0.32,,0.3333333333333333,1.0,1.0
video_sequence,kodak24_synthetic_sequence,kodim01_frame_04,20,4,noisy,22.16373898010703,0.5881316065788269,0.9366277456283569,0.029803000390529633,0.3036673963069916,0.3036673963069916,0,0.0,0.0,0.0,0.0,0.08808248490095139,,,,,
video_sequence,kodak24_synthetic_sequence,kodim01_frame_04,20,4,ectv,24.219936872888987,0.6673896312713623,0.9455999135971069,0.02479439415037632,0.3036673963069916,0.22921347618103027,2,0.024295700000948273,0.07445392071945282,0.0744539201259613,0.7636462120215243,0.06937038153409958,0.04,,,,
video_sequence,kodak24_synthetic_sequence,kodim01_frame_04,20,4,ectv_fidelity,26.446580120720572,0.6953478455543518,0.9034522771835327,0.0346611812710762,0.3036673963069916,0.04980599880218506,80,0.23121390000051179,0.31619728928517676,0.2538613975048065,0.7636462120215243,0.0480639822781086,0.32,0.12,0.3333333333333333,,
video_sequence,kodak24_synthetic_sequence,kodim01_frame_04,20,4,tv_maxiter,27.686726736427502,0.784430980682373,0.9490878582000732,0.025423863902688026,0.3036673963069916,0.08232326060533524,20,0.06020390000048792,inf,0.22134413570165634,0.7636462120215243,0.04485173895955086,,,,,
video_sequence,kodak24_synthetic_sequence,kodim01_frame_04,20,4,tv_fixedk_val,27.681064708068313,0.7837360501289368,0.9484893083572388,0.02560580149292946,0.3036673963069916,0.08207979053258896,40,0.11594890000014857,,0.22158760577440262,0.7636462120215243,0.04472934827208519,,,,,
video_sequence,kodak24_synthetic_sequence,kodim01_frame_04,20,4,tv_discrepancy,27.686726736427502,0.784430980682373,0.9490878582000732,0.025423863902688026,0.3036673963069916,0.08232326060533524,20,0.06094379999922239,,0.22134413570165634,0.7636462120215243,0.04485173895955086,,,,,
video_sequence,kodak24_synthetic_sequence,kodim01_frame_04,20,4,tv_chambolle_val,26.205997231236328,0.7010672688484192,0.9065434336662292,0.03402378782629967,0.3036673963069916,0.06404764950275421,0,0.013422900001387461,,,0.0,0.051212143152952194,,,,,
video_sequence,kodak24_synthetic_sequence,kodim01_frame_04,20,4,gaussian_val,25.13018722606395,0.6977689862251282,0.8846195340156555,0.03384998440742493,0.3036673963069916,0.06437300890684128,0,0.00016999999934341758,,,0.0,0.05934227257966995,,,,,
video_sequence,kodak24_synthetic_sequence,kodim01_frame_04,20,4,median_val,23.244393596926457,0.5231733322143555,0.8056687712669373,0.04061806946992874,0.3036673963069916,0.05939268320798874,0,0.0005983999999443768,,,0.0,0.06795336306095123,,,,,
video_sequence,kodak24_synthetic_sequence,kodim01_frame_04,20,4,bilateral_val,26.382828012870362,0.7429381012916565,0.9420769810676575,0.026796044781804085,0.3036673963069916,0.11535512655973434,0,0.13952659999995376,,,0.0,0.04355308786034584,,,,,
video_sequence,kodak24_synthetic_sequence,kodim01_frame_04,20,4,pm_diff_val,25.704357699937333,0.692443311214447,0.904487133026123,0.03323206678032875,0.3036673963069916,0.058608528226614,5,0.005357800000638235,,,0.0,0.056010328233242035,,,,,
video_sequence,kodak24_synthetic_sequence,kodim01_frame_04,20,4,wavelet_bayes,26.463269152625802,0.729708194732666,0.9440486431121826,0.02377450466156006,0.3036673963069916,0.13251012563705444,0,0.0035122999997838633,,,0.0,0.05161743238568306,,,,,
video_sequence,kodak24_synthetic_sequence,kodim01_frame_04,20,4,nlm,27.502389183841917,0.7246713042259216,0.9165151715278625,0.02869667112827301,0.3036673963069916,0.0833340659737587,0,0.04048549999970419,,,0.0,0.04282386973500252,,,,,
video_sequence,kodak24_synthetic_sequence,kodim01_frame_04,20,4,bm3d,30.856031822425063,0.8906144499778748,0.9741448163986206,0.01569327525794506,0.3036673963069916,0.10723938047885895,0,1.4160735999994358,,,0.0,0.030562851577997208,,,,,
video_sequence,kodak24_synthetic_sequence,kodim01_frame_04,20,4,fdncnn_color,31.145320605267756,0.8983821272850037,0.9764776229858398,0.014981437474489212,0.3036673963069916,0.10844114422798157,0,1.2311391999992338,,,0.0,0.0298819150775671,,,,,
video_sequence,kodak24_synthetic_sequence,kodim01_frame_04,20,4,ectv_fdncnn,31.145320605267756,0.8983821272850037,0.9764776229858398,0.014981437474489212,0.3036673963069916,0.10844114422798157,0,1.2329453999991529,0.31619728928517676,0.19522625207901,0.7636462120215243,0.0298819150775671,0.32,,0.3333333333333333,1.0,1.0
video_sequence,kodak24_synthetic_sequence,kodim01_frame_05,20,5,noisy,22.149592443627967,0.588403046131134,0.9343816637992859,0.030148910358548164,0.30270159244537354,0.30270159244537354,0,0.0,0.0,0.0,0.0,0.08808248490095139,,,,,
video_sequence,kodak24_synthetic_sequence,kodim01_frame_05,20,5,ectv,24.205057541528095,0.6674520373344421,0.9436709880828857,0.0251737330108881,0.30270159244537354,0.22824768722057343,2,0.022845499999675667,0.07445392071945282,0.07445390522480011,0.7636462120215243,0.06937038153409958,0.04,,,,
video_sequence,kodak24_synthetic_sequence,kodim01_frame_05,20,5,ectv_fidelity,26.604778639915388,0.6993655562400818,0.9065141677856445,0.03426259383559227,0.30270159244537354,0.049313005059957504,80,0.26837850000083563,0.31619728928517676,0.25338858738541603,0.7636462120215243,0.0480639822781086,0.32,0.12,0.3333333333333333,,
video_sequence,kodak24_synthetic_sequence,kodim01_frame_05,20,5,tv_maxiter,27.7765607514444,0.785616397857666,0.949931263923645,0.02524721436202526,0.30270159244537354,0.08121076971292496,20,0.058128999999098596,inf,0.22149082273244858,0.7636462120215243,0.04485173895955086,,,,,
video_sequence,kodak24_synthetic_sequence,kodim01_frame_05,20,5,tv_fixedk_val,27.775597842335436,0.7850956916809082,0.9493688941001892,0.025426091626286507,0.30270159244537354,0.08097568899393082,40,0.1306598999999551,,0.22172590345144272,0.7636462120215243,0.04472934827208519,,,,,
video_sequence,kodak24_synthetic_sequence,kodim01_frame_05,20,5,tv_discrepancy,27.7765607514444,0.785616397857666,0.949931263923645,0.02524721436202526,0.30270159244537354,0.08121076971292496,20,0.06653819999883126,,0.22149082273244858,0.7636462120215243,0.04485173895955086,,,,,
video_sequence,kodak24_synthetic_sequence,kodim01_frame_05,20,5,tv_chambolle_val,26.566791745080106,0.7302126288414001,0.9185755848884583,0.03208160772919655,0.30270159244537354,0.0717989057302475,0,0.007479300000341027,,,0.0,0.051212143152952194,,,,,
video_sequence,kodak24_synthetic_sequence,kodim01_frame_05,20,5,gaussian_val,25.26049884482247,0.6999743580818176,0.8787046074867249,0.03365331143140793,0.30270159244537354,0.06440915912389755,0,0.00023019999935058877,,,0.0,0.05934227257966995,,,,,
video_sequence,kodak24_synthetic_sequence,kodim01_frame_05,20,5,median_val,23.255863133022117,0.5257172584533691,0.7763408422470093,0.04113168641924858,0.30270159244537354,0.05976737663149834,0,0.0006489999996119877,,,0.0,0.06795336306095123,,,,,
video_sequence,kodak24_synthetic_sequence,kodim01_frame_05,20,5,bilateral_val,26.36682124947924,0.7429628372192383,0.9409250020980835,0.026867058128118515,0.30270159244537354,0.1136293038725853,0,0.13573109999924782,,,0.0,0.04355308786034584,,,,,
video_sequence,kodak24_synthetic_sequence,kodim01_frame_05,20,5,pm_diff_val,25.84520427225813,0.6936629414558411,0.9054282307624817,0.032954998314380646,0.30270159244537354,0.05845842882990837,5,0.006698700000924873,,,0.0,0.056010328233242035,,,,,
video_sequence,kodak24_synthetic_sequence,kodim01_frame_05,20,5,wavelet_bayes,26.459001565159042,0.7299385070800781,0.9434321522712708,0.024035334587097168,0.30270159244537354,0.1307617723941803,0,0.003328999999212101,,,0.0,0.05161743238568306,,,,,
video_sequence,kodak24_synthetic_sequence,kodim01_frame_05,20,5,nlm,27.567410674673813,0.7255952954292297,0.9184244275093079,0.0284721776843071,0.30270159244537354,0.08036378026008606,0,0.040982100001201616,,,0.0,0.04282386973500252,,,,,
video_sequence,kodak24_synthetic_sequence,kodim01_frame_05,20,5,bm3d,30.896403158014685,0.8916149735450745,0.9748367071151733,0.01562717743217945,0.30270159244537354,0.10433264076709747,0,1.4484688000011374,,,0.0,0.030562851577997208,,,,,
video_sequence,kodak24_synthetic_sequence,kodim01_frame_05,20,5,fdncnn_color,31.16651693538083,0.8984130024909973,0.9770717620849609,0.014859522692859173,0.30270159244537354,0.1060868501663208,0,1.2092477000005601,,,0.0,0.0298819150775671,,,,,
video_sequence,kodak24_synthetic_sequence,kodim01_frame_05,20,5,ectv_fdncnn,31.16651693538083,0.8984130024909973,0.9770717620849609,0.014859522692859173,0.30270159244537354,0.1060868501663208,0,1.2117947000006097,0.31619728928517676,0.19661474227905273,0.7636462120215243,0.0298819150775671,0.32,,0.3333333333333333,1.0,1.0
video_sequence,kodak24_synthetic_sequence,kodim01_frame_06,20,6,noisy,22.167461744177373,0.5871723294258118,0.9363090395927429,0.029858022928237915,0.3002193868160248,0.3002193868160248,0,0.0,0.0,0.0,0.0,0.08808248490095139,,,,,
video_sequence,kodak24_synthetic_sequence,kodim01_frame_06,20,6,ectv,24.23765900867082,0.6668853163719177,0.9455766677856445,0.024841077625751495,0.3002193868160248,0.22576546669006348,2,0.038178300001163734,0.07445392071945282,0.0744539201259613,0.7636462120215243,0.06937038153409958,0.04,,,,
video_sequence,kodak24_synthetic_sequence,kodim01_frame_06,20,6,ectv_fidelity,26.675617076741055,0.6964749693870544,0.9077918529510498,0.03430549055337906,0.3002193868160248,0.04842013120651245,80,0.27852899999925285,0.31619728928517676,0.25179925560951233,0.7636462120215243,0.0480639822781086,0.32,0.12,0.3333333333333333,,
video_sequence,kodak24_synthetic_sequence,kodim01_frame_06,20,6,tv_maxiter,27.818713261425675,0.7825062274932861,0.9506534337997437,0.025310136377811432,0.3002193868160248,0.07962966710329056,20,0.07175669999924139,inf,0.22058971971273422,0.7636462120215243,0.04485173895955086,,,,,
video_sequence,kodak24_synthetic_sequence,kodim01_frame_06,20,6,tv_fixedk_val,27.819891193956664,0.7820445895195007,0.9500991702079773,0.025486139580607414,0.3002193868160248,0.07940949499607086,40,0.1400945999994292,,0.22080989181995392,0.7636462120215243,0.04472934827208519,,,,,
video_sequence,kodak24_synthetic_sequence,kodim01_frame_06,20,6,tv_discrepancy,27.818713261425675,0.7825062274932861,0.9506534337997437,0.025310136377811432,0.3002193868160248,0.07962966710329056,20,0.07263119999879564,,0.22058971971273422,0.7636462120215243,0.04485173895955086,,,,,
video_sequence,kodak24_synthetic_sequence,kodim01_frame_06,20,6,tv_chambolle_val,26.443526779024253,0.7012932896614075,0.911290168762207,0.03367670625448227,0.3002193868160248,0.06266987323760986,0,0.013421899999229936,,,0.0,0.051212143152952194,,,,,
video_sequence,kodak24_synthetic_sequence,kodim01_frame_06,20,6,gaussian_val,25.425860707639977,0.6990611553192139,0.8817887306213379,0.03376277536153793,0.3002193868160248,0.0641842633485794,0,0.000176199999259552,,,0.0,0.05934227257966995,,,,,
video_sequence,kodak24_synthetic_sequence,kodim01_frame_06,20,6,median_val,23.400691793110507,0.5241069197654724,0.8004959225654602,0.04081811010837555,0.3002193868160248,0.05861486867070198,0,0.0005918999995628837,,,0.0,0.06795336306095123,,,,,
video_sequence,kodak24_synthetic_sequence,kodim01_frame_06,20,6,bilateral_val,26.28205530760551,0.738771915435791,0.9399845004081726,0.027202419936656952,0.3002193868160248,0.11118771880865097,0,0.1450046999998449,,,0.0,0.04355308786034584,,,,,
video_sequence,kodak24_synthetic_sequence,kodim01_frame_06,20,6,pm_diff_val,25.961240273739868,0.6919092535972595,0.9078832268714905,0.03292779624462128,0.3002193868160248,0.0576503723859787,5,0.00799879999976838,,,0.0,0.056010328233242035,,,,,
video_sequence,kodak24_synthetic_sequence,kodim01_frame_06,20,6,wavelet_bayes,26.49480188577211,0.7290619015693665,0.9449124336242676,0.02380736917257309,0.3002193868160248,0.12620410323143005,0,0.0036273999994591577,,,0.0,0.05161743238568306,,,,,
video_sequence,kodak24_synthetic_sequence,kodim01_frame_06,20,6,nlm,27.50730685443548,0.7236865162849426,0.9173234105110168,0.02862720564007759,0.3002193868160248,0.07875261455774307,0,0.04171160000078089,,,0.0,0.04282386973500252,,,,,
video_sequence,kodak24_synthetic_sequence,kodim01_frame_06,20,6,bm3d,30.787851907936155,0.8885903358459473,0.9730498194694519,0.01625637896358967,0.3002193868160248,0.10161842405796051,0,1.423734100000729,,,0.0,0.030562851577997208,,,,,
video_sequence,kodak24_synthetic_sequence,kodim01_frame_06,20,6,fdncnn_color,31.096860475828898,0.896101176738739,0.9760587215423584,0.015292360447347164,0.3002193868160248,0.10332567244768143,0,1.2283695999994961,,,0.0,0.0298819150775671,,,,,
video_sequence,kodak24_synthetic_sequence,kodim01_frame_06,20,6,ectv_fdncnn,31.096860475828898,0.896101176738739,0.9760587215423584,0.015292360447347164,0.3002193868160248,0.10332567244768143,0,1.2312225999994553,0.31619728928517676,0.19689371436834335,0.7636462120215243,0.0298819150775671,0.32,,0.3333333333333333,1.0,1.0
video_sequence,kodak24_synthetic_sequence,kodim01_frame_07,20,7,noisy,22.162179970152813,0.5869922637939453,0.9365315437316895,0.029846493154764175,0.29997000098228455,0.29997000098228455,0,0.0,0.0,0.0,0.0,0.08808248490095139,,,,,
video_sequence,kodak24_synthetic_sequence,kodim01_frame_07,20,7,ectv,24.2402470011874,0.6668989062309265,0.9459176659584045,0.024769602343440056,0.29997000098228455,0.22551609575748444,2,0.03194240000084392,0.07445392071945282,0.07445390522480011,0.7636462120215243,0.06937038153409958,0.04,,,,
video_sequence,kodak24_synthetic_sequence,kodim01_frame_07,20,7,ectv_fidelity,26.769589379592244,0.6959366798400879,0.9081605076789856,0.03408960998058319,0.29997000098228455,0.0479259230196476,80,0.30609050000020943,0.31619728928517676,0.25204407796263695,0.7636462120215243,0.0480639822781086,0.32,0.12,0.3333333333333333,,
video_sequence,kodak24_synthetic_sequence,kodim01_frame_07,20,7,tv_maxiter,27.903797661359107,0.7848684191703796,0.9513063430786133,0.024963609874248505,0.29997000098228455,0.07926903665065765,20,0.07861889999912819,inf,0.2207009643316269,0.7636462120215243,0.04485173895955086,,,,,
video_sequence,kodak24_synthetic_sequence,kodim01_frame_07,20,7,tv_fixedk_val,27.90384261015006,0.7841996550559998,0.9507388472557068,0.02513991668820381,0.29997000098228455,0.0790562629699707,40,0.15157560000079684,,0.22091373801231384,0.7636462120215243,0.04472934827208519,,,,,
video_sequence,kodak24_synthetic_sequence,kodim01_frame_07,20,7,tv_discrepancy,27.903797661359107,0.7848684191703796,0.9513063430786133,0.024963609874248505,0.29997000098228455,0.07926903665065765,20,0.0739010999986931,,0.2207009643316269,0.7636462120215243,0.04485173895955086,,,,,
video_sequence,kodak24_synthetic_sequence,kodim01_frame_07,20,7,tv_chambolle_val,26.554403734528407,0.7016711831092834,0.9129325151443481,0.03343663737177849,0.29997000098228455,0.06250151991844177,0,0.012469400000554742,,,0.0,0.051212143152952194,,,,,
video_sequence,kodak24_synthetic_sequence,kodim01_frame_07,20,7,gaussian_val,25.595406741399707,0.7003552317619324,0.8892856240272522,0.03357543796300888,0.29997000098228455,0.0644882321357727,0,0.0001816000003600493,,,0.0,0.05934227257966995,,,,,
video_sequence,kodak24_synthetic_sequence,kodim01_frame_07,20,7,median_val,23.705140004664955,0.5261206030845642,0.8130930662155151,0.04016142711043358,0.29997000098228455,0.05973401665687561,0,0.00058069999977306,,,0.0,0.06795336306095123,,,,,
video_sequence,kodak24_synthetic_sequence,kodim01_frame_07,20,7,bilateral_val,26.34956854793132,0.741370439529419,0.9416890740394592,0.026995183899998665,0.29997000098228455,0.1107235848903656,0,0.1440855000000738,,,0.0,0.04355308786034584,,,,,
video_sequence,kodak24_synthetic_sequence,kodim01_frame_07,20,7,pm_diff_val,26.101850473279082,0.6924955248832703,0.910963237285614,0.03263314068317413,0.29997000098228455,0.05757370963692665,5,0.009174499999062391,,,0.0,0.056010328233242035,,,,,
video_sequence,kodak24_synthetic_sequence,kodim01_frame_07,20,7,wavelet_bayes,26.49836163377936,0.7301052212715149,0.9430853724479675,0.024074172601103783,0.29997000098228455,0.1246194913983345,0,0.003565600000001723,,,0.0,0.05161743238568306,,,,,
video_sequence,kodak24_synthetic_sequence,kodim01_frame_07,20,7,nlm,27.513472979604966,0.7257383465766907,0.917801022529602,0.028660601004958153,0.29997000098228455,0.07734488695859909,0,0.04133170000022801,,,0.0,0.04282386973500252,,,,,
video_sequence,kodak24_synthetic_sequence,kodim01_frame_07,20,7,bm3d,30.80205328894207,0.8898530602455139,0.973798930644989,0.015881076455116272,0.29997000098228455,0.10257693380117416,0,1.4303182999992714,,,0.0,0.030562851577997208,,,,,
video_sequence,kodak24_synthetic_sequence,kodim01_frame_07,20,7,fdncnn_color,31.07067209561748,0.8966448903083801,0.9764785766601562,0.015061586163938046,0.29997000098228455,0.1038750559091568,0,1.2254830000001675,,,0.0,0.0298819150775671,,,,,
video_sequence,kodak24_synthetic_sequence,kodim01_frame_07,20,7,ectv_fdncnn,31.07067209561748,0.8966448903083801,0.9764785766601562,0.015061586163938046,0.29997000098228455,0.1038750559091568,0,1.2282080000004498,0.31619728928517676,0.19609494507312775,0.7636462120215243,0.0298819150775671,0.32,,0.3333333333333333,1.0,1.0
